"SK_ID_CURR","TARGET","AMT_INCOME_TOTAL","AMT_CREDIT","AMT_ANNUITY","DAYS_BIRTH","DAYS_EMPLOYED","EXT_SOURCE_2","EXT_SOURCE_3"
100001,1,26710.87,74887.32,5560.32,-19215,-9231,0.8242,0.3129
100002,0,33769.07,50869.05,7899.76,-10447,-12225,0.4371,0.2915
100003,0,8016.41,27544.47,4114.62,-7537,-5145,0.6226,0.3686
100004,0,30302.38,48298.82,5208.36,-22452,-5824,0.6766,0.2203
100005,1,52281.38,156667.5,8446.41,-9818,-219,0.6309,0.6732
100006,1,42711.77,67194.58,3403.85,-26573,-2367,0.5288,0.2741
100007,0,27512.37,63861.95,4309.82,-23361,-8674,0.8523,0.7059
100008,1,30715.46,117010.82,13552.96,-21843,-1604,0.5311,0.1591
100009,0,48687.47,131450.52,9893.79,-16448,-14590,0.9537,0.6184
100010,1,46160.56,112592.33,12466.38,-17712,-606,0.5375,0.3294
100011,0,13238.69,30448.04,3716.47,-14971,-2650,0.811,0.4763
100012,0,26729.08,93734.66,7988.43,-19336,-2671,1,0.6029
100013,0,42638.01,64411.32,4921.84,-10903,-5566,0.2722,0.2666
100014,1,71695.21,117543.11,6213,-7367,-2514,0.4942,0.4975
100015,1,14357.36,42972.57,2733.05,-5542,-12442,0.5233,0.4411
100016,1,42612.17,165589.53,10836.74,-18357,-7727,0.6772,0.2263
100017,0,21757.16,46405.92,2600.29,-21289,-14248,0.4931,0.5653
100018,1,68641.05,197001.1,18415.08,-10815,-1430,0.0187,0
100019,0,34672.49,54059.9,3691.93,-5209,-3336,0.0619,0.7588
100020,0,35712.52,53824.22,2694.29,-20322,-7253,0.814,0.6893
100021,1,27988.75,109249.49,11048.46,-26400,-4469,0.4887,0.4097
100022,1,18870.65,35904,1959.7,-15160,-624,0.1937,0.3635
100023,0,21902.07,75943.59,4215.7,-19174,-580,0.5156,0.5194
100024,1,34596.36,111862.14,6640.17,-6692,-4715,0.7929,0.3529
100025,0,59505.99,139293.2,18133.64,-18473,-8777,0.929,0.4109
100026,1,53896.09,83226.4,4322.46,-16883,-7145,0.4639,0.496
100027,1,116956.27,203613.85,10857.85,-12941,-13628,0.4985,0.4311
100028,1,51344.05,119886.35,6149.89,-15040,-11322,0.1974,0.792
100029,0,33785.75,52883.83,4008.47,-5410,-7404,0.642,0.3829
100030,0,59841.76,226010.71,21999.87,-6137,-11075,0.422,0.2749
100031,1,36865.2,143580.99,13310.65,-22117,-12291,0.6411,0.2235
100032,0,92776.38,224475.46,14663.5,-17621,-3710,0.691,0.3368
100033,0,46170.2,166921.47,17748.45,-20507,-8233,0.757,0.2551
100034,1,161934.19,381523.92,42019.23,-23878,-5827,0.4282,0.639
100035,0,12727.73,38185.42,3708.37,-13696,-9458,0.651,0.4995
100036,1,22027.26,41044.89,4702.04,-6835,-4090,0.2066,0.4291
100037,1,66874.85,225562.4,20000.74,-20232,-12743,0.3931,0.4556
100038,1,62377.8,213591.98,11232.57,-16276,-4966,0.3798,0.2685
100039,0,44122.09,98971.3,5267.04,-24767,-11023,0.0672,0.9202
100040,0,13842.6,26981.33,2773.55,-25859,-1322,0.5572,0.6118
100041,0,27697.91,83904.19,5022.97,-22066,-485,0.5912,0.6068
100042,1,79432.85,310004.59,24613.92,-9540,-6759,0.4778,0.484
100043,0,77011.25,215622.26,16975.07,-23588,-13380,0.7016,0.4818
100044,0,32952.08,102641.15,10320.52,-21470,-8035,0.4047,0.5856
100045,1,35200.96,86697.33,4424.21,-22198,-7869,0.2763,0.5369
100046,0,18736.77,49635.62,3915.55,-16178,-7252,0.6366,0.6061
100047,0,41830.23,144164.9,11493.94,-11665,-14844,0.3877,0.3611
100048,0,55372.28,177472.84,10093.9,-17189,-12586,0.8388,0.7043
100049,1,61643.49,123458.69,14677.34,-29339,-14923,0.4637,0.1553
100050,0,133317.59,370471.57,40089.76,-11414,-8810,0.6811,0.8152
100051,0,96557.81,251094.16,12813.24,-22796,-2827,0.6144,0.4336
100052,0,70802.11,265972.69,17676,-24257,-11616,0.3932,0.4914
100053,0,22472.38,50655.81,8045.75,-21178,-14580,0.8651,0.4384
100054,1,45437.36,142841.67,12568.81,-20979,-3552,0.6786,0.2814
100055,1,67892.55,107001.96,5758.93,-14253,-9078,0.568,0.3567
100056,0,27639.24,110405.83,18307.86,-8213,-5210,0.6053,0.7533
100057,0,25302.03,79138.05,4949.15,-6087,-5437,0.6859,0.8648
100058,1,18977.21,73013.77,5197.44,-13038,-4410,0.568,0.2387
100059,1,43795.92,169161.92,23957.84,-15132,-8231,0,0.521
100060,1,25551.61,51333.58,3563.48,-13338,-4373,0.607,0.3425
100061,1,27230.76,97874.28,5137.26,-12957,-10519,0.4766,0.4681
100062,0,33432.03,89077.26,10329.49,-27732,-8426,0.587,0.5197
100063,0,43304.37,161374.34,23676.25,-5547,-6917,0.6664,0.3465
100064,0,52729.68,84239.29,8388.28,-6883,-433,0.8299,0.5075
100065,0,27740.97,58057.75,4585.01,-24653,-2762,0.4045,0.7836
100066,0,40349.91,65692.4,8247.63,-10874,-5573,0.8105,0.2338
100067,0,76904.45,201692.51,23670.86,-16780,-9305,0.6172,0.3704
100068,1,61485.74,128081.94,9109.69,-9760,-7372,0.7577,0.5094
100069,0,178334.28,613359.84,48474.3,-27857,-2155,0.7341,0.5247
100070,0,28130.37,76483.24,4640.69,-26693,-13761,0.6942,0.4635
100071,0,47038.66,111824.45,6380.62,-16054,-6973,0.3414,0.5193
100072,0,42829.72,129942.56,7272.88,-29689,-12023,0.532,0.4171
100073,1,129419.13,409830,26005.22,-28362,-13300,0.6747,0.488
100074,1,33072.45,131152.27,9474.05,-19773,-9015,0.3593,0.4363
100075,1,29751.96,46125.87,4443.26,-8075,-1796,0.4414,0.6333
100076,0,72980.02,172492.44,10187.18,-20040,-8242,0.6662,0.5921
100077,0,85773.08,210106.56,13032.64,-8416,-7113,0.7036,0.4462
100078,0,75691.02,161338.56,20066.85,-7092,-4965,0.6428,0.7126
100079,1,26021.71,81773.94,9839.41,-14318,-11695,0.3728,0.4841
100080,1,36745.25,113403.69,14603.48,-8103,-2287,0.33,0.5658
100081,0,169298.49,673968.37,53788.42,-26653,-8182,0.8525,0.4956
100082,0,15929.67,60492.5,4615.73,-28283,-1061,0.6016,0.3275
100083,0,121005.24,289700.71,21237.76,-6664,-5411,0.5677,0.5968
100084,0,69379.07,151029.32,15891.27,-26299,-1029,0.5258,0.0799
100085,1,31553.98,101264.27,15771.09,-29031,-3058,0.3111,0.2563
100086,0,37872.72,81613.23,9025.03,-28036,-6204,0.6724,0.5755
100087,1,25681.54,89772.89,12778.38,-22897,-7067,0.5066,0.6981
100088,1,36238.47,57491.66,5367.57,-9339,-13505,0.5134,0.1486
100089,0,55109.8,84444.16,9823.44,-22840,-13945,0.7367,0.6865
100090,0,63508.9,123223.86,17477.69,-25228,-328,0.7144,0.1832
100091,0,14993.29,31881.34,1874.56,-10181,-5234,0.8284,0.3307
100092,1,36435.09,108249.55,5872.82,-26253,-13472,0.4548,0.1841
100093,0,37100.12,139877.67,8363.16,-19204,-5382,0.6801,0.4136
100094,0,29884.77,113825.84,7522.6,-23447,-10970,0.8282,0.4598
100095,0,69220.21,146626.71,14840.16,-10872,-9313,0.3278,0.5324
100096,1,81565.85,319414.26,43650.54,-7688,-13503,0.3778,0.3655
100097,0,61948.47,194129.47,31408.04,-15592,-8708,0.3237,0.4461
100098,1,27162.17,68933.23,3980.64,-14981,-4652,0.2582,0.5106
100099,0,45792.19,146649.21,16490.03,-14343,-14381,0.566,0.2555
100100,0,60760.84,92208.8,8008.84,-26592,-11705,0.6806,0.3098
100101,0,55807.61,117933.04,11693.71,-25073,-14533,0.7902,0.7257
100102,0,22203.01,63590.08,3438.98,-27253,-14219,0.759,0
100103,1,38148.08,144217.9,7305.15,-13666,-1842,0.3494,0.6412
100104,0,30141.32,110031.5,9341.09,-24857,-4467,0.9197,0.662
100105,1,45436.43,126747.04,10676.76,-11681,-11035,0.4166,0.7202
100106,0,43644.27,121076,6968.07,-8417,-2224,0.5711,0.3697
100107,0,26826.22,47413.36,4126.22,-17356,-10403,0.4655,0.618
100108,0,159120.26,324763.21,30021.25,-22874,-10958,0.5255,0.4931
100109,0,96493.82,181417.35,9534.22,-23178,-7801,0.5876,0.3224
100110,1,89642.66,315185.74,17209.43,-16527,-238,0.5738,0.5606
100111,0,19631.33,73906.6,7009.5,-25043,-9014,0.545,0.5241
100112,0,76870.45,206280.87,11554.56,-11027,-62,0.5716,0.3722
100113,0,34528.85,116246.11,7435.76,-23543,-12612,0.4529,0.358
100114,1,46395.14,150361.29,9659.19,-21320,-354,0.4492,0.3968
100115,1,10800.03,38607.58,3046.6,-27597,-12060,0.2178,0.5503
100116,0,37522.92,64447.3,9535.99,-26580,-13335,0.4735,0.4395
100117,0,58886.2,158063.59,16523.48,-24819,-2213,0.4475,0.1796
100118,0,14197.17,54682.87,2945.32,-12211,-3438,1,0.5117
100119,1,43641.33,169617.39,12327.51,-6162,-13176,0.2776,0.3766
100120,0,33935.29,62184.3,7711.13,-16439,-1445,0.5775,0.6022
100121,1,122678.56,390693.67,26765.37,-28065,-14024,0.2513,0.2082
100122,0,41237.33,133951.84,10098.64,-6982,-9576,0.2559,0.0683
100123,1,35886.79,106697.42,5922,-25929,-10395,0.5749,0.3505
100124,0,52487.8,193900.48,18111.82,-16795,-12869,0.3507,0.3226
100125,0,26073.94,95664.09,7531.33,-12588,-59,0.5496,0.5852
100126,1,54964.15,135858.78,12101.42,-16299,-9487,0.4643,0.0761
100127,0,52274.06,109273.71,11053.8,-27725,-13856,0.4273,0.2363
100128,1,14848.44,36204.24,3997.5,-10270,-14625,0.1451,0.4248
100129,0,38149.39,112989.46,12448.93,-6360,-1047,0.3051,0.3027
100130,1,32472.89,118556.63,17928.76,-17103,-6995,0.5859,0.4118
100131,0,34429.49,124558.24,8232.9,-17812,-14152,0.6635,0.2103
100132,0,30885.47,75038.61,4239.7,-6877,-574,0.4514,0.2851
100133,1,91879.84,355917.8,30780.13,-28825,-6948,0.55,0.2661
100134,1,31667.3,88344.72,11144.56,-17531,-5988,0.7746,0.1012
100135,0,62217.76,234592.36,15149.21,-23527,-3076,0.838,0.5266
100136,1,82538.36,189769.19,25086.61,-23658,-8351,0.3306,0.3418
100137,1,30837.56,61894.98,5704.75,-22434,-745,0.5265,0.3388
100138,0,40022.94,81852.4,5127.75,-23261,-13724,0.7903,0.6718
100139,1,14061.5,29866.51,2741.62,-5714,-12412,0.4561,0.5835
100140,1,52675.84,137945.32,11629.35,-11913,-13258,0.5395,0.3113
100141,1,25635.99,61092.03,8020.78,-7556,-5408,0.5328,0.626
100142,1,71657.45,162622.17,14295.02,-20113,-147,0.3725,0.3742
100143,1,52437.48,140379.09,9148.92,-9805,-6534,0.4611,0.3638
100144,0,60282.1,186522.95,10529.27,-9355,-10134,0.5441,0.4833
100145,1,71518.04,180808.06,10643.36,-12103,-8244,0.4672,0.4781
100146,0,41932.89,86001.98,4380.78,-16542,-1056,0.7727,0.4285
100147,0,49234.46,179249,20975.49,-28770,-5797,0.4538,0.3996
100148,0,60847.2,159656.43,18502.47,-29992,-11002,0.4634,0.53
100149,0,37993.9,115720.95,5848.03,-16099,-1779,0.6894,0.6488
100150,0,32651.51,78822.77,12530.58,-27056,-603,0.3387,0.3712
100151,0,70407.23,207740.12,15272.13,-11233,-125,0.5419,0.7404
100152,0,45039.4,149525.24,10208.68,-22592,-13912,0.2397,0.283
100153,0,66895.37,124597.09,18889.8,-16163,-12040,0.7834,0.8503
100154,0,54609.37,138529.26,7492.22,-27939,-11933,0.4953,0.6141
100155,0,34587.95,92497.66,5831.95,-27390,-12402,0.4564,0.3777
100156,1,41645.31,126022.72,6742.61,-8123,-4547,0.3023,0.0249
100157,0,53749.94,117580.1,7883.82,-21262,-5812,0.5484,0.3704
100158,0,42132.64,167042.19,16123.94,-13293,-1320,0.3899,0.3805
100159,0,33071.03,53112.26,4587.57,-13928,-3928,0.4433,0.739
100160,1,18167.17,43502.25,3321.66,-7405,-14392,0.8075,0.5252
100161,0,71370.55,221329.78,14169.2,-5347,-12676,0.5149,0.0858
100162,1,27516.58,88336.37,13202.58,-18703,-3804,0.3356,0.5045
100163,0,35051.46,78937.3,4987.21,-24007,-3344,0.5826,0.2614
100164,1,36850.93,146629.68,23539.81,-11044,-8947,0.4775,0.1098
100165,0,55892.57,220840.68,13363.97,-14053,-10759,0.668,0.6338
100166,0,42134.68,93424.12,5423.83,-25719,-9007,0.8365,0.5703
100167,0,36166.14,82112.37,10076.91,-19955,-1306,0.3515,0.37
100168,0,29117.92,77620.8,5390.26,-6725,-14977,0.6409,0.7375
100169,1,66400.78,212501.19,12259.27,-16153,-12246,0.567,0.3876
100170,0,46791.5,106981.91,10907.54,-18049,-9986,0.7291,0.1129
100171,0,174165.37,665858.49,66167.59,-15297,-9255,0.504,0.6322
100172,0,14678.32,28981.07,2201.78,-11705,-1070,0.7173,0.315
100173,0,107591.14,358825.56,38372.7,-21839,-7483,0.201,0.4775
100174,0,27960.57,95578.68,7689.23,-28566,-7059,0.8879,0.2654
100175,1,38337.32,79293.06,4194.81,-19909,-6126,0.723,0.1891
100176,0,66015.27,116430.9,10261.32,-25174,-9945,0.5198,0.5383
100177,1,62995.44,103008.32,15774.98,-17656,-13201,0.2602,0.2703
100178,0,51792.42,102374.29,13736.48,-19300,-4637,0.6786,0.3417
100179,0,35788.97,122762.6,7137.91,-29067,-13207,0.6466,0.5948
100180,1,31413.89,94615.08,8563.46,-5034,-8604,0.5487,0
100181,1,205595.41,419489.32,64287.46,-9099,-13547,0.5803,0.2626
100182,1,8480.26,15671.76,789.41,-28915,-14910,0.4332,0.7559
100183,0,54598.68,124280.31,7586.52,-22260,-14873,0.6238,0.4489
100184,0,55901.39,124750.97,10017.83,-11979,-13309,0.6089,0.1134
100185,0,42681.25,117536.21,7262.57,-21068,-3866,0.4941,0.4401
100186,0,48472.26,80777,4659.05,-23837,-11098,0.2828,0.4591
100187,1,55293.76,142670.47,13192.14,-11302,-2552,0.6901,0.2948
100188,0,52972.55,135905.7,10323.95,-24792,-6009,0.6608,0.3129
100189,1,56912.71,209043.21,28540.53,-6253,-14713,0.3827,0.4422
100190,1,124829.28,395868.88,28220.96,-12936,-2306,0.2311,0.6179
100191,0,22146.11,42750.73,3720.58,-21624,-8607,0.591,0.2817
100192,0,42305.37,78316.79,11236.96,-16807,-4317,0.481,0.5932
100193,0,36985.76,111130.3,7544.91,-23654,-13482,0.6005,0.0765
100194,1,48117.49,161605.43,8545.54,-28274,-6144,0.2912,0.8482
100195,0,43151.86,156654.66,7889.2,-24139,-8882,0.3582,0.6042
100196,0,23995.71,77590.73,9549.18,-22904,-13839,0.7672,0.3255
100197,0,36192.76,115475.59,12907.07,-19849,-1313,0.6308,0.4293
100198,1,51021.56,106162.97,15310.56,-29937,-1961,0.6673,0.2035
100199,0,42709.59,105584.17,6611.85,-21096,-12922,0.913,0.2634
100200,0,61857.22,136400.52,7389.77,-12061,-11363,0.5758,0.5095
100201,1,66016.52,150169.25,19294.74,-17148,-10875,0.1498,0.0371
100202,0,33742.43,69717.9,9443.63,-12130,-558,0.6168,0.5854
100203,0,27299.01,70377.45,11172.21,-14588,-1743,0.7843,0.6173
100204,0,35021.87,122798.73,7484.9,-12690,-2671,0.9619,0.4744
100205,0,38677.98,76992.85,9318.69,-24247,-4881,0.2746,0.2924
100206,1,21517.46,68851.82,3893.48,-17813,-2139,0.3198,0.5767
100207,0,20481.68,81469.01,4361.52,-21644,-5585,0.4088,0.4093
100208,0,24001.64,62244.5,3199.75,-17396,-10712,0.3392,0.8052
100209,0,79104.23,172811.43,14554.64,-29464,-7671,0.4209,0.5507
100210,0,64199.27,142624.07,7607.05,-8665,-7085,0.5129,0.822
100211,1,72910.32,173989.6,10341.76,-15002,-4367,0.3098,0.3281
100212,0,35245.56,92364.11,6636.23,-17984,-7414,0.9574,0.6806
100213,0,25341.59,72779.22,10501.71,-7631,-4412,0.5716,0.6439
100214,0,49242.44,162953.69,8948.18,-7791,-13731,0.5332,0.5775
100215,0,86276.29,132796.54,9369.29,-12929,-8768,0.6491,0.8044
100216,1,38847.2,117568.52,7803.58,-25555,-58,0.5575,0.6857
100217,0,53502.81,166634.9,16035.49,-20349,-8035,0.5236,0.6701
100218,0,51322.56,109025.25,8615.59,-18546,-3328,0.8454,0.7254
100219,0,72027.11,264997.21,20475.89,-24308,-194,0.5066,0.3065
100220,0,37755.25,57816.58,7629.13,-8593,-11957,0.2933,0.5877
100221,1,51916.52,206759.76,11672.14,-18540,-3023,0.6271,0.7036
100222,1,33027.32,79446.11,4991.32,-29567,-4142,0.4797,0.0756
100223,0,59461.38,95870.79,14739.46,-21450,-5498,0.4456,0.6996
100224,1,29357.73,113905.42,6998.99,-27146,-12318,0.3364,0.2345
100225,1,47157.44,170592.48,10948.66,-20461,-10413,0.6357,0.1552
100226,0,87336.16,228677.17,33027.25,-28005,-10608,0.5152,0.4294
100227,1,41235.38,119604.73,6907.14,-25210,-10535,0.6531,0.107
100228,0,145873.74,519126.73,27935,-23414,-13888,0.5031,0.2951
100229,0,37377.97,144902.05,9979.13,-29284,-5118,0.4183,0.6195
100230,0,59290.48,192061.99,10958.1,-24525,-5007,0.8,0.4666
100231,0,21761.83,57137.65,3400.89,-27128,-3133,0.4956,0.707
100232,1,41406.84,129611.13,8523.19,-21084,-8465,0.7396,0.5052
100233,0,20931.34,81244.21,4116.19,-22274,-4992,0.3097,0.1078
100234,0,29363.21,74935.6,4684.01,-18382,-11,0.4568,0.2201
100235,0,22568.68,34083.57,2234.48,-20713,-6889,0.4961,0.482
100236,1,17287.74,67286.06,5267.12,-29490,-9685,0.4718,0.3646
100237,0,36899.43,71618.83,6885.8,-8747,-5994,0.8197,0.6314
100238,1,16148.21,39408.42,2456.91,-15908,-3159,0.5454,0.4802
100239,0,37735.83,136585.1,8709.71,-23375,-6581,0.5988,0.2281
100240,0,77992.83,271932.42,44244.88,-19132,-12330,0.3615,0.3402
100241,0,48882.63,175969.64,15332.25,-7060,-6579,0.4042,0.6538
100242,1,25973.94,43257,2825.33,-13227,-523,0.7496,0.2609
100243,0,25967.03,61536.39,4651.48,-12741,-159,0.8017,0.1499
100244,1,67233.24,250585.28,18615.25,-14484,-13967,0.7998,0.563
100245,0,15491.08,38926.95,6423.3,-29513,-13930,0.2739,0.4865
100246,1,42720.89,88552.66,4491.51,-17090,-10423,0.96,0.2907
100247,1,19190.21,50653.74,5399.49,-12703,-1481,0.7534,0.4408
100248,0,46939,125191.15,7391.66,-25586,-1735,0.5447,0.4807
100249,0,17980.41,69648.47,4658.13,-22469,-1695,0.6907,0.2967
100250,1,53695.98,158069.92,8754.84,-23001,-7270,0.3557,0.523
100251,0,23958.68,41434.78,2142.56,-22668,-5913,0.3308,0.3113
100252,0,55422.05,183407.19,12142.21,-28378,-14222,0.5598,0.3814
100253,0,87369.3,234495.52,24243.08,-13096,-11292,0.3103,0.5986
100254,0,18791.33,31450.37,1617.24,-15748,-12986,0.588,0.3929
100255,0,27791.37,70778.99,4206.21,-11597,-5619,0.8095,0.116
100256,1,23308.48,71574.51,4462.35,-6587,-13542,0.3432,0.3971
100257,1,48960.89,190019.11,13432.86,-25321,-11108,0.4023,0.11
100258,1,75716.35,178187.27,17136.36,-18430,-4468,0.5593,0.3446
100259,0,48444.5,139916.48,12440.79,-29205,-5104,0.3465,0.3226
100260,0,272343.52,569731.89,43283.58,-16790,-10818,0.4733,1
100261,0,41956.13,117179.49,9488.54,-19263,-6359,0.7246,0.5482
100262,0,48227.85,168499.8,12855.63,-14611,-1065,0.7439,0.5384
100263,0,40834.8,90040.75,5591.61,-9891,-2911,0.6268,0.49
100264,0,62261.58,195913.91,13261.08,-26839,-2914,0.1797,0.3442
100265,1,40968.91,66631.7,3476,-17475,-4645,0.5392,0
100266,0,38663.63,135993.85,13647.66,-9529,-1425,0.763,0.8125
100267,1,33852.03,95128.37,7381.57,-5359,-506,0.7126,0.3467
100268,0,28819.28,110792.64,8169.62,-20991,-1848,0.5118,0.2776
100269,1,92750.09,198899.32,10778.7,-10785,-5637,0.01,0.324
100270,0,62293.36,216417.67,21938.01,-10411,-3631,0.5622,0.665
100271,0,94048.74,153518.86,10707,-26887,-410,0.6648,0.5991
100272,0,33637.77,59751.04,8219.95,-29235,-7557,0.5592,0.7143
100273,0,52131.51,140470.87,8899.21,-6811,-8469,0.5815,0.5059
100274,0,54488.8,110541.28,6323.15,-21562,-318,0.6363,0.427
100275,0,18034.2,41931.28,5415.01,-18288,-14962,0.4707,0.4
100276,1,76146.47,207574.03,11380.52,-14008,-7084,0.812,0.1386
100277,0,45704.15,124679.82,11704.77,-29548,-428,0.6441,0.5019
100278,0,58224.94,197739.8,13869.43,-13259,-12148,0.3015,0.3825
100279,1,63089.12,189309.33,14383.01,-8407,-1272,0.8263,0.3734
100280,1,49015.89,116837.26,11961.74,-19901,-2497,0.7909,0.6605
100281,0,20012.03,62384.36,3222.33,-11681,-5767,0.7148,0.6922
100282,0,64237.62,210343.62,11008.04,-24181,-13009,0.2175,0.9407
100283,0,64976.35,158064.99,17893.71,-16162,-2796,0.4361,0.543
100284,0,40037.51,66631.55,5733.03,-22736,-6050,0.6771,0.431
100285,1,67031.14,243943.34,18048.92,-26750,-8899,0.5587,0.2683
100286,0,45467.82,137897.08,17394.92,-17745,-14232,0.6196,0.4433
100287,0,17720.15,70420.48,4567.53,-12776,-14398,1,0.7941
100288,1,62785.39,118412.71,19393.95,-24001,-3222,0.3863,0.4027
100289,0,53085.92,107842.71,6975.53,-9184,-13550,0.1274,0.7917
100290,0,80882.17,195249.43,9851.6,-26017,-1077,0.6047,0.4054
100291,0,22803.37,65308.66,5332.28,-14846,-3718,0.4125,0.4921
100292,0,29599.62,111386.86,6261.04,-29142,-4977,0.6392,0.9462
100293,0,21399.32,80804.63,5858.45,-12140,-13258,0.3875,0.4554
100294,1,29576.62,51840.6,4386.01,-6580,-373,0.9924,0.1595
100295,1,63207.02,233019.31,36550.16,-20797,-12038,0.5253,0.3153
100296,1,70852.26,134076.18,7713.52,-17190,-7453,0.4545,0.2386
100297,1,37852.87,132720.95,11875.65,-16167,-10661,0.5167,0.468
100298,0,31198.18,117684.61,7192.74,-24848,-471,0.7225,0.3355
100299,0,24155.63,41538.15,5312.74,-15184,-2827,0.5695,0.5256
100300,1,121616.7,300742.71,22812.63,-6994,-567,0.2249,0.7748
100301,1,75975.29,197883.48,17638.67,-7939,-11926,0.5491,0.2547
100302,0,24150.75,38190.06,2831.7,-10647,-12817,0.702,0.2483
100303,0,48115.72,98804.28,7027.83,-28956,-11313,0.5578,0.3987
100304,0,39044.9,99037.96,9669.42,-19790,-7147,0.697,0.6266
100305,1,44875.11,68708.5,3979.17,-9387,-13637,0.5207,0.5252
100306,1,54234.52,127413.2,10952.01,-20767,-9757,0.5384,0.4709
100307,0,147686.75,225491.28,13152.37,-5856,-3139,0.6465,0.7643
100308,0,80054.13,290350.83,27670.44,-9392,-12243,0.7486,0.3963
100309,1,55170.3,202513.6,15858.53,-12322,-6905,0.3007,0.8197
100310,0,26567.4,66333.55,10134.4,-18322,-13845,0.5433,0.1479
100311,1,105663.68,408201.37,42637.62,-8802,-3187,0.5358,0.5062
100312,0,62813.27,243087.47,17035.78,-8974,-4136,0.3982,0.6309
100313,0,52555.18,124604.38,9751.82,-27651,-643,0.3431,0.6777
100314,1,36555.45,64388.87,3372.46,-6009,-2287,0.4239,0.1595
100315,0,19603.15,30509.52,4496.05,-16422,-5662,0.6674,0.3247
100316,0,73121.69,261349.52,42521.02,-13498,-13344,0.4667,0.0636
100317,1,40936.3,155342.6,13212.05,-10261,-10270,0.393,0.4022
100318,0,82642.74,136489.84,9067.44,-12817,-9909,0.5827,0.3499
100319,1,80454.49,152633.36,15318.83,-20317,-9821,0.3027,0.6475
100320,0,42745.3,97603.74,5809.36,-16080,-5519,0.7592,0.5331
100321,1,34746.34,100719.01,8899.85,-21168,-939,0.4531,0.3908
100322,0,97324.66,234047.94,19100.51,-8636,-10200,0.5878,0.7224
100323,0,62033.72,224508.93,18032.09,-26140,-13525,0.5602,0.4211
100324,0,50071.92,89803.76,10594.66,-16496,-996,0.55,0.7131
100325,0,90601.15,238095.06,28380.89,-11952,-12324,0.9119,0.5833
100326,0,131471.24,352874.86,26871.5,-9820,-7984,0.3849,0.5823
100327,0,20319.47,78386.84,8868.56,-7803,-3517,0.7791,0.6313
100328,0,54314.08,129837.04,6812.19,-25252,-9476,0.5563,0.3259
100329,1,79835.4,157456.49,22064.13,-25931,-10754,0.383,0.1677
100330,0,31038.58,118812.28,5977.63,-22980,-5054,0.5362,0.612
100331,0,33303.6,58566.68,3359.71,-18025,-588,0.6994,0.1898
100332,1,21384.03,40271.35,2093.91,-23349,-3503,0.4649,0.2693
100333,0,42713.04,143920.79,7685.6,-14362,-2706,0.3956,0.4063
100334,0,31148.9,119520.35,11878.17,-20025,-11305,0.5806,0.5629
100335,0,23138.68,45328.62,5553.22,-20631,-12006,0.7477,0.5719
100336,0,114918.53,296723.97,15379.05,-6739,-12569,0.5353,0.0828
100337,1,22815.58,76903.38,7050.46,-17036,-5015,0.2726,0.4988
100338,1,45675.56,146555.78,11409.98,-5807,-9966,0.2887,0.0957
100339,0,46641.08,119893.46,6559.95,-12847,-3239,0.3963,0.9001
100340,1,60236.49,232917.15,21059.39,-13567,-1130,0.4446,0.2614
100341,0,24077.34,75128.61,4470.81,-12555,-8578,0.5457,0.7874
100342,0,52947.28,106980.83,6129.75,-22455,-3117,0.6841,0.3822
100343,1,159615.46,245879.07,14284.58,-15491,-2444,0.4631,0.5741
100344,0,100575.39,233233.91,18158.49,-16878,-9551,0.3272,0.2895
100345,0,29790.5,95911.09,8947.06,-14044,-669,0.6714,0.4733
100346,0,37966.38,83071.74,11314,-7536,-12576,0.6051,0.5716
100347,0,52311.39,103038.51,5231.07,-18838,-8462,0.7815,0.7556
100348,0,65920.8,231105.87,32454.29,-10840,-3824,0.2135,0.3246
100349,1,55656.53,96246.71,13157.14,-26144,-6281,0.5675,0.1371
100350,0,39763.77,117167.46,9133.09,-25497,-7392,0.8207,0.2049
100351,1,68330.5,208690.01,14433.68,-9404,-6324,0.6948,0.4752
100352,0,32795.9,67421.1,6936.82,-19333,-5481,0.3835,0.5019
100353,0,47467.39,154722.29,12592.23,-26557,-11652,0.6965,0.3949
100354,1,53105.27,183414.91,11326.71,-28179,-3047,0.3756,0.46
100355,1,46077.44,148164.38,7845.23,-21920,-5382,0.4593,0.3879
100356,0,70888.01,193529.93,22810.92,-17399,-12882,0.7875,0.3657
100357,0,29488.07,64563.09,9354.87,-9797,-5822,0.492,0.8992
100358,1,31769.4,60645.2,5014.83,-20176,-14901,0.7157,0.4673
100359,0,51065.21,136492.7,11054.61,-14139,-1129,0.4918,0.6947
100360,0,34479.64,110616.84,8481.68,-27264,-9488,0.2347,0.9736
100361,1,62149.07,212539.73,30078.23,-26615,-454,0.3802,0.1849
100362,1,22516.07,37321.4,4242.38,-18759,-1313,0.3323,0.4224
100363,0,37516.68,79089.48,9012.99,-27903,-4808,0.4531,0.4495
100364,0,15755.71,52571.57,8620.82,-16318,-1160,0.4827,0.6912
100365,0,124410.46,488763.8,71035.06,-20313,-1384,0.5193,0.3843
100366,1,51942.75,112665.22,6030.36,-14031,-2638,0.5014,0.5129
100367,0,49347.53,163547.36,8227.36,-15639,-7958,0.9284,0.4863
100368,0,35459.02,94175.97,7928.57,-17088,-3753,0.2728,0.525
100369,1,38342.63,130042.98,9660.56,-5800,-5475,0.467,0.3215
100370,0,16560.1,48562.25,7564.34,-22513,-9034,0.6198,0.9651
100371,0,42474.99,84864.44,12007.56,-5837,-13288,0.8757,0.2219
100372,0,36516.87,144600.85,11027.74,-12809,-1770,0.5677,0.3881
100373,0,56260.18,87686.84,5433.28,-23152,-4633,0.7978,0.5332
100374,0,32224.7,55054.15,2973.7,-26501,-8484,0.2211,0.5363
100375,0,53389.08,154232.2,9080.93,-20170,-5223,0.8393,0.2162
100376,0,51107.63,77165.88,4838.76,-6875,-2734,0.4119,0.42
100377,1,111101.22,337734.54,30297.21,-25534,-4186,0.4947,0.1702
100378,0,58348.48,230916.77,33387.84,-18724,-7395,0.3281,0.6335
100379,0,75814.64,275017.21,15104.27,-28466,-5912,0.5768,0.2661
100380,0,61319.36,126769.37,9811.19,-25834,-14602,0.9071,0.2248
100381,0,29729.34,96662.89,9769.07,-26794,-5702,1,0.4488
100382,1,32850.67,119435.31,13756.31,-12635,-7832,0.3346,0.1988
100383,0,39906.42,110979.08,6172.77,-13414,-11215,0.6472,0.4926
100384,1,22562,68914.64,9529.31,-29831,-6832,0.8277,0.3389
100385,0,77731.64,182145.87,27743.17,-25780,-1355,0.5109,0.3243
100386,1,42755.38,144182.69,8186.43,-19135,-5367,0.5064,0.131
100387,0,45874.13,105516.89,9563.97,-12522,-9043,0.489,0
100388,0,50817.27,110299.47,8409.92,-25878,-2157,0.6696,0.6721
100389,0,86572.84,284119.02,14649.47,-24708,-6136,0.8295,0.8021
100390,0,36902.47,97243.55,10700.7,-26914,-640,0.6875,0.7013
100391,0,25530.47,51730.6,7234.38,-28123,-14544,0.614,0.4337
100392,1,61461.94,217061.05,27442.54,-7735,-10876,0.4896,0.4795
100393,0,24226.99,71021.9,8597.55,-18053,-843,0.6497,0.5209
100394,0,40437.13,76980.39,4808.89,-6712,-12107,0.4401,0.3826
100395,0,46123.94,168995.22,16876.14,-24967,-1510,0.4941,0.5485
100396,0,17831.09,29474.57,1514.9,-5351,-5632,0.7693,0.616
100397,0,43248.24,83438.93,12104.92,-9333,-6518,0.6384,0.6395
100398,1,81688.83,137531.89,16022.4,-6080,-1714,0.5982,0.6831
100399,1,62341.64,192296.63,9959.28,-17599,-11919,0.4989,0.3658
100400,0,60819.01,188132.52,13008.25,-14523,-4273,0.7362,0.5169
100401,0,42933.6,156657.46,11613.36,-9833,-10307,0.817,0.4288
100402,1,56523.68,95100.53,9885.65,-7934,-2448,0.3761,0.1926
100403,0,34261.42,53854.14,3048.83,-19109,-3895,0.5611,0.2684
100404,0,98237.02,293919.99,28175.67,-27695,-6908,0.5598,0.3932
100405,1,39960.53,72868.24,6553.65,-11838,-7650,0.4343,0.5033
100406,0,114175.79,436924.07,26089.03,-12441,-6890,0.3503,0.6949
100407,0,14649.98,57118.43,3079.08,-14074,-357,0.5495,0.6143
100408,1,34334.62,69920.53,5780.12,-26988,-7817,0.6811,0.2004
100409,0,51321.87,199121.76,12183.16,-12904,-9288,0.8454,0.5703
100410,0,131883.74,515352.47,51198.45,-13868,-2945,0.1682,0.2682
100411,0,26845.43,88069.98,7349.83,-14432,-13477,0.4095,0.6301
100412,0,50816.24,86289.57,5800.5,-23812,-2532,0.4877,0.2592
100413,1,30427.24,80892.55,5608.13,-10454,-7644,0.2174,0.2018
100414,0,29902.28,76576.08,4655.41,-15255,-3700,0.3999,0.4663
100415,1,78018.43,298780.57,21016.9,-11369,-5014,0.3945,0.2874
100416,0,41883.61,167404.7,16791.95,-26634,-168,0.4055,0.663
100417,1,23556.86,69246.54,3611.49,-14960,-1723,0.1122,0.2402
100418,0,48280.38,190631.09,16363.58,-26296,-12366,0.5927,0.5532
100419,0,55650.99,137224.13,9490.29,-26961,-3950,0.4236,0.6471
100420,0,29946.4,73444.73,3717.45,-14024,-2465,0.8541,0.3797
100421,1,37668.3,91805.38,8442.97,-27432,-13684,0.7092,0.5403
100422,0,94156.34,339395.2,38508.63,-25699,-2865,0.2593,0.3313
100423,1,39846.82,104147.11,17261.26,-17201,-5481,0.5697,0.2227
100424,0,10294.48,25598.64,3119.69,-17644,-2990,0.4312,0
100425,0,69785.97,274801.04,40339.14,-23360,-3985,0.7277,0.2647
100426,0,30968.1,101424.19,6197.37,-18388,-2348,0.5606,0.529
100427,0,45770.77,98982.11,7650.66,-26840,-13713,0.4386,0.4648
100428,0,60845.94,97045.21,6360.77,-16472,-9538,0.6377,0.2387
100429,0,12430.89,45535.5,4123.53,-10669,-539,0.5805,0.4345
100430,1,113663.01,239110.99,22573.27,-10467,-13612,0.5171,0
100431,0,129186.63,464016.94,33272.72,-14862,-5648,0.954,0.6119
100432,1,27750.75,43821.51,5611.68,-14775,-9509,0.4441,0.2761
100433,0,75403.18,119480.77,9460.25,-21940,-7941,0.4558,0.425
100434,1,200339.72,726163.35,102211.04,-28792,-12393,0.2408,0.5322
100435,0,24639.42,81742.52,4319.61,-23469,-3632,0.5419,0.2799
100436,0,68699.87,241666.19,13100.33,-24630,-5219,0.7281,0.7433
100437,1,25707.74,98495.82,13850.02,-15140,-3632,0.1357,0.5114
100438,1,31723.57,67921.94,4655.83,-25114,-8749,0.5,0.5359
100439,0,36246.17,106345.95,11456.87,-20121,-9342,0.3137,0.6121
100440,1,40229.72,157174.57,13685.87,-7479,-3653,0.8384,0.6342
100441,0,103381.46,346096.85,40446.77,-18316,-10961,0.8216,0.559
100442,0,83754.43,128586.04,8967.68,-6597,-13620,0.6169,0.9239
100443,0,79443.2,123192.44,9382.53,-13000,-8452,0.8359,0.3294
100444,0,56939.12,167550,19467.18,-29666,-8608,0.3765,0.7622
100445,0,74041.96,198385.36,17978.14,-5338,-7228,0.7401,0.1792
100446,0,40229.27,78228.52,6700.03,-11353,-279,0.433,0.3484
100447,1,33423.66,110582.51,8707.92,-23439,-2971,0.6142,0.3543
100448,0,26542.82,97555.68,11181.61,-27885,-4202,0.4901,0.2704
100449,1,26732.81,71312.28,3946.19,-23867,-10908,0.4943,0.4717
100450,0,72334.6,286734.17,46917.78,-23661,-14584,0.6592,0.58
100451,1,33843.32,77659.22,4165.19,-25010,-2627,0.2892,0.2859
100452,0,23011.85,74048.22,8608.39,-22389,-14495,0.4998,0.522
100453,0,108027.12,178578.09,11228.25,-15314,-6766,0.5842,0.5767
100454,0,106327.58,420038.4,23820.32,-17338,-14267,0.4693,0.4696
100455,0,84021.25,247426.69,15895.28,-28959,-10367,0.5709,0.2898
100456,0,42296.9,81585.12,11353.77,-18127,-2748,0.4862,0.2295
100457,1,17842.32,63017.63,3552.62,-25024,-2214,0.8737,0.2797
100458,0,74100.05,118813.27,6625.48,-7516,-10468,0.6928,0.5539
100459,0,48107.41,125440.37,20392.87,-27330,-8946,1,0.8065
100460,1,31166.88,119391.93,8902.22,-24339,-13961,0.391,0.33
100461,0,46023.7,175487.83,12538.52,-18056,-6078,0.7129,0.7444
100462,0,36194.59,70278.17,3817.36,-6661,-10596,0.9696,0.2425
100463,1,78571.8,165481.92,16533.95,-5041,-12209,0.6102,0.3357
100464,1,21317.98,81853.82,5081.11,-21625,-595,0.3334,0.4346
100465,0,87372.12,233309.16,14137.31,-26048,-14040,0.3487,0.364
100466,1,36395.84,88945.91,14541.7,-25946,-2500,0.5429,0.4857
100467,0,63353.12,105296.93,12717.55,-11162,-1332,0.8118,0.617
100468,0,29426.82,75316.55,5722.31,-20240,-4058,0.7001,0.6593
100469,1,63685.5,177793.63,24325.99,-9017,-11465,0.1223,0.6025
100470,0,18379.92,28970.01,4106.79,-9861,-13078,0.4099,0.1489
100471,0,24741.56,74298.99,3749.29,-13420,-7708,0.5482,0.3319
100472,0,91819.39,334753.25,53167.96,-10839,-11359,0.2584,0.3793
100473,0,10667.53,27766.82,2382.45,-29106,-7880,0.6889,0.5887
100474,0,64868.03,255119.71,37031.39,-28308,-1941,0.0577,0.1368
100475,1,44687.39,84529.34,5670.31,-5326,-12959,0.5787,0.3144
100476,1,22577.98,61712.01,3375.5,-26538,-9023,0.4718,0.583
100477,1,32729.22,82420.52,6227.38,-11728,-10513,0.4518,0.641
100478,1,51212.02,173209.65,22820.1,-13860,-983,0.4933,0.5082
100479,0,40294.63,93279.34,12485.61,-27344,-7156,0.613,0.7869
100480,1,56690.71,170045.53,21028.97,-20128,-9321,0.6293,0
100481,1,55527.73,113310.42,7751.4,-13180,-5766,0.5049,0.496
100482,1,154040.27,490399.82,36058.75,-7399,-4161,0.165,0.4364
100483,1,34045.2,95762.98,5561.31,-27208,-5680,0.2622,0.2497
100484,1,60707.93,224191.71,17497.59,-17982,-12542,0.2561,0.338
100485,0,39230.77,92665.59,6490.98,-27293,-6995,0.7024,0.4981
100486,1,21262.34,56183.13,4066.81,-10103,-2726,0.5013,0.6928
100487,0,55219.58,105054.3,12397.19,-29377,-3346,0.6039,0.5005
100488,0,17756.91,27814.93,3050.48,-29532,-547,0.2382,0.5805
100489,1,67443.32,243598.29,13859.37,-25187,-13290,0.4429,0.2642
100490,1,46374.26,134456.17,17388.69,-23186,-11829,0.6625,0.3611
100491,1,62802.41,158250.37,8181.31,-6105,-10567,0.5143,0.4421
100492,0,26981.95,75511.22,5294.95,-9398,-1875,0.527,0.4786
100493,1,36718.33,123967.08,6866.2,-5571,-11224,0.5356,0.5558
100494,1,25321.9,67460.76,3845.36,-21128,-10391,0.7922,0.4129
100495,0,78418.61,168626.21,14742.9,-5311,-8524,0.427,0.6033
100496,0,19931.19,31336.74,1609.42,-29236,-2572,0.6852,0.5029
100497,0,70020.89,151461.29,10813.47,-7909,-8733,0.7297,0.1788
100498,1,52120.45,205838.71,11043.31,-17940,-6748,0.3121,0.5218
100499,1,72885.42,121286.84,13168.29,-5387,-8270,0.5743,0.1083
100500,0,51028.24,133011.02,7640.39,-28308,-4179,0.5478,0.3228
100501,1,70519.38,235202.75,12186.54,-13914,-13332,0.7558,0.5081
100502,1,40759.79,81978.35,4739.32,-10200,-7758,0.733,0.1892
100503,0,26083.18,88303.19,5266.25,-7515,-5232,0.5495,0.4272
100504,1,14304.91,32293.4,1959.4,-8452,-12840,0.5772,0.4314
100505,1,105479.07,207750.56,14813.2,-5593,-2082,0.406,0.4255
100506,1,89884.92,240909.58,21797.98,-14731,-7404,0.5104,0.2733
100507,1,16837.23,66303.94,7614.66,-7697,-10948,0.3442,0.57
100508,0,80792.03,288730.04,31701.53,-27247,-10911,0.3566,0.5934
100509,0,32451.23,58849.11,4558.84,-12357,-11889,0.3058,0.3718
100510,1,58948.54,228140.69,13703.22,-29774,-6408,0.7172,0.5356
100511,1,33329.68,75357.16,5824.48,-15330,-1377,0.773,0.2826
100512,0,107552.34,253378.82,12994.26,-15391,-233,0.4674,0.4545
100513,1,92668.14,324064.77,21997.18,-7423,-12074,0.3242,0.602
100514,0,82903.68,208055.08,12283.87,-19603,-2452,0.5324,0.4991
100515,0,34649.16,81815.56,7368.41,-28160,-5100,0.9984,0.4783
100516,0,36633.62,116085.23,7179.64,-19713,-7310,0.9583,0.7181
100517,1,48515.5,104780.66,5700.46,-15550,-6378,0.206,0.3002
100518,1,33424.54,58208.47,4210.05,-12718,-13014,0.4786,0.6053
100519,0,23468.8,93238.47,13606.12,-25340,-10913,0.8567,0.4956
100520,1,39914.59,133271.66,17457.09,-16994,-11738,0.5424,0.3027
100521,0,24667.84,93964.45,5586.09,-23880,-7303,0.8695,0.4359
100522,0,53126.6,143969.33,13783.36,-29034,-2502,0.4833,0.3748
100523,1,34373.25,131129.63,6797.06,-25313,-14068,0.671,0.5826
100524,1,37128.82,148096.03,10020.07,-8880,-12291,0.5948,0.5321
100525,0,17758.36,70859.14,6714.18,-16430,-12741,1,0.0836
100526,0,113478.84,217445.8,12004.84,-7788,-4276,0.7341,0.7797
100527,1,41326.99,145099.48,13204.85,-17604,-1119,0.3087,0.0234
100528,0,38021.79,127551.19,6615.9,-17332,-3133,0.4292,0.5874
100529,1,84634.91,302479.06,22403.17,-7891,-9155,0.624,0.3002
100530,0,25511.25,85494.87,11624.98,-14621,-11765,0.1698,0.6638
100531,1,29736.42,49522.45,2784.91,-24199,-8679,0.1891,0.5294
100532,0,65887.77,248409.81,25852.47,-15660,-7109,0.3256,0.7271
100533,1,69684.49,134928.72,9447.77,-8112,-4193,0.4804,0.4144
100534,0,17283.02,39864.01,4380.41,-6644,-725,0.7978,0
100535,0,47111.21,136980.22,11850.91,-22600,-14714,0.4952,0.4036
100536,0,48895.3,160152.6,8871.18,-9959,-8162,0.5825,0.4712
100537,0,48800.38,84869.24,8565.04,-14510,-104,0.5371,0.6935
100538,0,79739.3,202858.77,10880.5,-15900,-5023,0.409,0.2156
100539,1,20552.65,40739.54,3296.32,-6137,-2760,0.8224,0.3967
100540,0,35674.09,104660.12,6125.69,-9479,-14890,0.3307,0.3591
100541,1,20628.32,34204.02,2597.42,-12309,-12096,0.5043,0.751
100542,1,39623.66,146832.61,12163.93,-27537,-442,0.4804,0.1255
100543,0,23260.23,71936.06,5027.23,-21884,-1830,0.6564,0.6618
100544,1,38743.29,76396.45,10910.72,-17996,-10746,0.8714,0.6814
100545,0,51681.31,181552.1,10990.27,-11449,-1486,0.6528,0.4272
100546,0,62489.46,248432.34,13692.83,-5305,-4117,0.8265,0.621
100547,0,40266.22,61492.22,3411.34,-24310,-2596,0.7026,0.5522
100548,0,44755.2,104280.88,5658.06,-26088,-485,0.4251,0.3071
100549,0,43085.71,142441.46,16808.18,-9026,-5106,0.5663,0.311
100550,1,35531.78,91168.87,12526.62,-29181,-3505,0.8252,0.0455
100551,0,44626.01,173066.78,20376.5,-16736,-3393,0.2377,0.7663
100552,0,18914.73,42553.18,2734.43,-18431,-2196,0.615,0.7094
100553,0,20557.49,64739.73,9243.22,-6206,-9803,0.5186,0.7041
100554,0,37344.36,135184.35,9125.74,-17985,-2635,0.7256,0.4468
100555,1,16939.85,49311.99,3584.11,-11447,-738,0.7,0.3336
100556,1,60889.6,239668,16103.41,-12766,-2813,0.6102,0.1193
100557,0,20762.77,36894.67,3315.56,-9857,-14670,0.8486,0.3351
100558,0,41931.19,117925.4,6351.21,-10623,-2205,0.2449,0.2685
100559,1,41874.13,86294.57,5083.49,-12066,-9806,0.7321,0.1769
100560,0,121444.63,306156.17,47077.02,-25093,-1709,0.2341,0.5117
100561,0,26042.88,55770.39,4629.15,-14979,-7755,0.6675,0.3555
100562,1,22112.16,64264.65,7134.75,-20220,-14222,0.5679,0.5392
100563,0,108500.15,275614.67,15588.92,-20489,-1584,0.7435,0.295
100564,1,16587.85,46005.12,2349.17,-22015,-5418,0.5658,0.8621
100565,1,35135.08,95215.7,8956.24,-11719,-11542,0.2363,0.9671
100566,0,77603.8,245871.02,22889.46,-14577,-11198,0.1484,0.75
100567,0,44217,96930.58,12363.78,-23909,-7698,0.6582,0.43
100568,0,47871.65,105315.7,7883.54,-20240,-672,0.5353,0.5794
100569,1,89351.15,291864.58,20726.7,-9567,-5040,0.4358,0.1691
100570,0,60096.51,239470.37,16682.39,-12847,-5884,0.4878,0.1832
100571,0,21663.61,46757.43,5606.44,-21910,-6761,0.4157,0.3607
100572,0,48844.96,149136.54,8225.84,-13102,-1176,0.5185,0.7881
100573,1,28582.78,80573.68,11154.66,-12535,-3925,0.3637,0.4053
100574,0,64955.39,150452.89,7608.95,-8998,-8366,0.1534,0.6347
100575,0,47802.06,130779.55,8065.32,-29274,-1448,0.5061,0.4401
100576,0,44399.81,144701.06,13798.43,-12903,-575,0.7591,0.3806
100577,0,15610.62,25266.97,3273.33,-16746,-9851,0.9255,0.4899
100578,0,60203.87,201715.24,15164.2,-22664,-7586,0.5505,0.4235
100579,0,52577.83,163177.69,14573.09,-24075,-14373,0.5339,0.7408
100580,1,19069.11,72419.7,5757.6,-22956,-6656,0.7426,0.1859
100581,0,29566.91,88410.82,9920.42,-24987,-10304,0.5607,0.4718
100582,0,32626.13,73834.81,9659.69,-16266,-14310,0.463,0.4449
100583,0,62087.19,108246.44,6401.59,-12715,-3474,0.2025,0.423
100584,0,18719.16,35005.91,2612.68,-27768,-122,0.2973,0.3219
100585,0,21964.57,62627.28,5448.54,-22929,-257,0.6313,0.5935
100586,0,55893.82,171157.84,12128.66,-28896,-2241,0.2581,0.1546
100587,1,44957.7,165285.81,12630.95,-9745,-12248,0.7597,0.6008
100588,1,36726.92,64839.07,6747.54,-11530,-11708,0.2807,0.012
100589,0,51476.6,182637.41,10021.55,-26796,-1644,0.5113,0.7606
100590,0,38622.07,106186.36,6708.15,-5088,-11258,0.5495,0.5904
100591,0,16324.89,58058.8,6052.23,-25169,-8988,0.5474,0.4603
100592,1,22961.8,45323.68,2891.37,-17867,-12713,0.5804,0
100593,0,57954.3,159252.05,16899.3,-17018,-9947,0.6697,0.4328
100594,1,23419.47,61381.02,3532.22,-21266,-12259,0.5248,0.3023
100595,0,98272.79,284742.05,17745.8,-14368,-9796,0.5003,0.6835
100596,1,100259.62,248279.26,27213.52,-5220,-4729,0.5821,0.1235
100597,1,19752.01,77756.45,3947.5,-6772,-10755,0.4633,0.1274
100598,0,79020.87,163249.7,9752.53,-20908,-271,0.8575,0.4051
100599,0,47760.23,103608.69,5696.52,-20521,-11316,0.116,0.439
100600,1,50984.74,135295.9,7731.33,-15488,-7731,0.7554,0.3245
100601,1,46358,93774.36,5230.48,-24717,-1983,0.5003,0.4131
100602,0,54070.83,207174.09,25899.19,-27961,-3413,0.6345,0.3974
100603,1,35612.51,115875.69,11117.9,-8689,-1421,0.7475,0.3449
100604,0,32434.66,120724.99,7145.72,-17636,-4419,0.7171,0.315
100605,0,115836.79,373137.03,29889.82,-23636,-388,0.4179,0.4186
100606,0,27430.53,90606.62,15063.48,-9978,-7521,0.8628,0.6438
100607,0,30161.47,74017.37,5559.33,-24246,-6531,0.2254,0.8227
100608,0,23993.82,57978.95,3676.86,-20255,-4932,0.7228,0.6538
100609,0,51753.6,94432.32,11878.68,-29135,-12717,0.4477,0.4591
100610,1,31399.24,114287.83,5925.26,-25084,-663,0.1665,0.2096
100611,0,46652.47,121997.18,13857.2,-10097,-12781,0.1768,0.6319
100612,0,52634.57,131180.85,12206.47,-22482,-1911,0.599,0.7424
100613,0,172523.7,665381.96,39665.26,-21253,-3497,0.9947,0.4131
100614,0,21839.31,74647.16,5811.44,-25390,-6073,0.6047,0.412
100615,0,86268.4,313853.66,26074.26,-5386,-5770,0.7762,0.6987
100616,0,47569.66,113406.82,18176.08,-10682,-6164,0.7177,0.4871
100617,0,22685.96,67644.8,8160.78,-18690,-754,0.4191,0.9042
100618,0,129453.7,394192.58,26059.96,-21162,-1308,0.7408,0.4397
100619,1,95160.22,218257.51,11790.73,-23941,-617,0.6206,0.1269
100620,1,58469.96,193143.02,11943.41,-13704,-13099,0.5913,0.6616
100621,0,122928.7,230247.21,22215.42,-27485,-2335,0.7502,0.5224
100622,0,53449,148721.55,19931.25,-19817,-13721,0.6995,0.3968
100623,1,37793.98,103918.28,7304.8,-8266,-11240,0.4247,0.1988
100624,0,75974.06,275788.07,13946.61,-14493,-8640,0.629,0.6253
100625,0,89231.07,249897.92,13138.03,-22664,-5213,0.3716,0.5685
100626,1,16227.37,44283.4,3307.51,-25476,-2344,0.6762,0.5043
100627,0,54812.88,183962.12,20873.02,-17117,-13288,0.4635,0.7607
100628,0,79993.16,186773.24,23237.94,-21930,-5265,0.6404,0.2372
100629,0,59784.94,227131.72,36983.68,-21389,-9576,0.6236,0.4914
100630,0,37718.93,62102.2,3360.01,-16030,-8325,0.4959,0.4002
100631,0,32702.96,109300.89,7481.27,-26536,-14728,0.6431,0.5531
100632,1,36826.58,110615.81,6788.06,-28778,-10227,0.6649,0.5386
100633,0,49097.61,156144.31,11260.77,-18072,-1707,0.5039,0.4266
100634,0,37232.14,71396.48,8211.2,-17613,-12200,0.7844,0.1504
100635,0,46867.42,163997.25,9370.97,-28852,-890,0.8285,0.4594
100636,0,61521.25,245794.25,17892.87,-5896,-1334,0.4176,0.7461
100637,1,66876.61,116036.53,10075.38,-10250,-11244,0.3945,0.0571
100638,0,40851.79,125925.63,8426.95,-13536,-1971,0.6527,0.3423
100639,0,26334.85,105034.1,10600.96,-27723,-5021,0.3673,0.5506
100640,1,42367.63,84448.18,5883.22,-20618,-1408,0.4601,0.2313
100641,1,46770.97,90508.38,6823.43,-26761,-1815,0.7106,0.2448
100642,0,14167.12,45654.57,2381.79,-26679,-1988,0.4353,0.2476
100643,1,15588.92,34324.01,2232.78,-6304,-878,0.1644,0.2935
100644,0,37856.58,98496.49,6917.76,-13656,-6184,0.6829,0.5219
100645,0,28724.24,110312.92,7563.01,-14230,-3105,0.2295,0.8497
100646,0,34194.26,134779.19,12055.57,-21781,-10642,0.2791,0.5608
100647,1,30538.58,61701.94,7433.03,-7821,-7149,0,0.2883
100648,0,13582.19,30259.52,3915.64,-20332,-14296,0.7162,0.3386
100649,1,38087.58,59325.68,3189.02,-26153,-12026,0.6002,0.2329
100650,0,35027.71,106693.73,9428.28,-19396,-3296,0.6425,0.306
100651,0,36877.19,87383.76,7448.24,-29010,-10484,0.719,0.3115
100652,0,29240.59,93757.41,7763.83,-14947,-13391,0.5416,0.7327
100653,1,95459.33,284731.79,28310.98,-5029,-7015,0.3289,0.5782
100654,0,35339.88,120007.26,8282.63,-23357,-6999,0.6628,0.1065
100655,0,30245.47,109208.91,7767.19,-29638,-7904,0.8107,0.6152
100656,0,46875.94,125560.22,7181.95,-28208,-6187,0.25,0.7062
100657,0,48297.48,79521.82,12294.33,-18909,-5238,0.4286,0.4037
100658,0,55540.71,110689.69,7654.91,-8070,-6085,0.4916,0.7218
100659,0,17229.4,51415.21,3405.3,-18865,-7396,0.2921,0.5182
100660,0,72330.1,169833.54,18036.83,-14133,-5394,0.6888,0.5784
100661,1,41037.36,148408.86,8553.82,-7036,-12185,0.4302,0.3858
100662,1,49180.72,110900.21,6659.48,-21714,-8547,0.8014,0.738
100663,0,35997.1,84786.57,13039.17,-18786,-2694,0.5607,0.4607
100664,1,34554.09,98597.71,16176.73,-11849,-1759,0.6956,0.3961
100665,0,54388.84,142433.07,12822.91,-11843,-1582,0.8622,0.5434
100666,0,51889.45,94152.93,4901.69,-26431,-6980,0.6031,0.4279
100667,1,41865.2,101098.11,10328.13,-26070,-3175,0.7653,0.3988
100668,0,61040.71,109230.49,7050.7,-19630,-4720,0.5921,0.5952
100669,0,84095.31,175308.75,11306.13,-7172,-5954,0.2477,0.4098
100670,1,26718.67,75876.51,4057.55,-23321,-14754,0.5545,0.3655
100671,0,34738.63,62693.44,3223.22,-8677,-6971,0.6936,0.3416
100672,1,40625.16,95268.21,5682.64,-9568,-4942,0.6479,0.172
100673,0,22063.51,62555.9,7152.03,-22273,-10427,0.5152,0.7714
100674,1,73008.1,234551.37,16910.57,-14895,-11648,0.3065,0.3194
100675,1,43023.23,141766.94,19010.72,-16601,-1998,0.6793,0.3739
100676,0,23023,62388.94,6578.7,-9347,-10614,0.3667,0.4673
100677,1,49677.24,120433.72,15294.02,-14538,-5836,0.2996,0.3202
100678,1,39165.08,59420.22,3097.85,-10706,-4081,0.669,0.0467
100679,1,33505.94,122346.01,8981.65,-8630,-3091,0.3034,0.5397
100680,0,29484.36,75631.91,4028.68,-9718,-8306,0.5989,0.5547
100681,0,125361.07,360602.78,36956.9,-21704,-2219,0.5506,0.4008
100682,1,87422.63,260626.03,27306.55,-11585,-3686,0.2844,0.3411
100683,0,32469.83,62265.21,7026.17,-12150,-14612,0.7859,0.2893
100684,0,50985.53,119923.69,14380.69,-29473,-4476,0.4314,0.8409
100685,1,48991.5,189619.26,18689.58,-15220,-4164,0.79,0.3906
100686,0,66773.61,139644.91,10561.23,-20599,-2824,0.455,0.4429
100687,0,34020.82,62959.07,5895.85,-20121,-11245,0.435,0.4714
100688,0,112186.47,186533.89,17415.45,-14274,-5514,0.5438,0.4039
100689,0,65439,191329.3,12647.27,-28883,-865,0.4784,0.928
100690,0,62615.22,221547.27,21326.84,-27629,-2027,0.4787,0.4477
100691,0,35058.15,68353.79,4788.74,-17413,-12080,0.3745,0.2322
100692,0,77493.21,226173.52,13600.94,-29366,-11914,0.3074,0.5128
100693,0,64901.25,199462.08,11181.46,-8340,-598,0.6727,0.6691
100694,1,62684.59,113998.96,14218.23,-18629,-11497,0.3888,0.2462
100695,0,29547.44,71996.8,5844.17,-13539,-14674,0.2747,0.7842
100696,0,53073.8,190108.45,10729.01,-5286,-1189,0.4484,0.505
100697,1,41048.32,78301.15,10581.79,-8859,-5498,0.3898,0.4136
100698,0,45799.98,128875.74,19194.87,-8101,-14404,0.1114,0.6235
100699,0,47025.85,103476.14,7097.95,-22533,-7838,0.4918,0.1694
100700,0,21879.9,83279.47,4273.69,-24969,-10222,0.5834,0.7465
100701,0,51427.76,204432.82,23825.74,-10374,-13466,0.6089,0.3316
100702,0,21411.24,81171.28,4745.37,-25549,-5606,0.6285,0.273
100703,0,49984.59,155929.42,9183.55,-13668,-12820,0.3498,0.3445
100704,0,106088.45,232717.4,14289.98,-10996,-11855,0.4849,0.4562
100705,1,84267.52,164074.61,10748.51,-17774,-2227,0.3483,0.2607
100706,1,54520.72,207107.2,29502.87,-6317,-872,0.4229,0
100707,1,24740.49,57924.07,3005.83,-11525,-3326,0.308,0.4791
100708,0,33360.14,108717.58,7584.11,-27961,-2401,0.3267,0.6217
100709,1,45034.37,95669.22,14830.93,-16289,-12035,0.676,0.408
100710,1,30714.2,114094.85,15906.02,-27144,-6204,0.4955,0.5298
100711,0,45852.29,105837.7,6603.35,-10703,-3936,0.4982,0.6022
100712,0,26032.65,90986.74,7327.69,-25188,-10238,0.8959,0.2569
100713,0,59315.51,111240.93,11894.3,-19639,-4483,0.5383,0.7909
100714,0,41503.32,121688.11,7175.15,-29517,-14744,0.4426,0.2868
100715,0,29760.51,102291.4,10446.44,-28978,-5303,0.6995,0.4601
100716,0,29590.02,112485.25,13172.1,-25256,-10677,0.4525,0.8137
100717,0,35576.08,120635.76,9058.98,-14176,-90,0.8246,0.4967
100718,0,49909.62,108072.32,16407.16,-13775,-8636,0.4745,0.4442
100719,0,48063.97,169061.54,9605.84,-22959,-11872,0.4268,0.2229
100720,1,41227.49,102259.26,11106.23,-16031,-630,0.3164,0.2185
100721,1,27847.43,111143.51,14856.38,-7682,-9122,0.6157,0.3405
100722,1,87548.86,337531.45,34913.97,-10987,-8103,0.8433,0.3633
100723,0,51605.51,111605.92,15555.57,-15827,-8755,0.4788,0.7825
100724,0,34069.19,97232.69,6894.52,-24189,-605,0.6023,0.3374
100725,1,41427.24,69159.54,8112,-13235,-13226,0.6167,0.2209
100726,0,58808.39,194855.43,10753.79,-24556,-11075,0.8344,0.5919
100727,0,16511.93,57595.36,3564.77,-22667,-827,0.6828,0.482
100728,1,22336.49,36050.9,2024.4,-19885,-5664,0.3353,0.4727
100729,1,26508.1,89756.81,5280.13,-18361,-13286,0.4106,0.749
100730,0,71114.5,123839.44,12937.54,-11235,-6117,0.4008,0.6546
100731,1,39761.86,113007.23,11832.36,-17790,-10852,0.5783,0.6849
100732,0,64266.43,165066.58,22470.03,-20546,-11065,0.5492,0.4011
100733,0,34923.74,92368.16,4757.67,-29022,-14651,0.6236,0.4166
100734,0,88490.65,338305.61,23150.76,-18364,-11879,0.4185,0.4332
100735,0,82216.4,167339.42,19890.33,-15001,-10881,0.4747,0.2847
100736,1,53268.09,185119.18,11657.85,-19749,-2728,0.6983,0.2121
100737,0,22188.58,61510.62,8769.11,-18910,-2187,0.5301,0.5287
100738,0,39005.32,67391.81,7011.43,-26512,-3082,0.4191,0.4138
100739,0,20912.55,49789.33,2654.76,-18066,-512,0.7442,0.4504
100740,0,18645.48,38774.31,3991.34,-23587,-2135,0.5527,0.6866
100741,0,28061.89,111921.75,7430.76,-14214,-3490,0.3667,0.3122
100742,0,71215.9,130965.96,9163.18,-26953,-507,0.8919,0.8427
100743,0,82989.26,302779.81,47545.12,-25358,-7416,0.3164,0.3616
100744,0,50661.92,198644.97,10064.1,-27953,-12308,0.1938,0.6062
100745,1,63824.01,209426.68,11259.41,-24601,-2003,0.0994,0.2231
100746,1,29209.51,77267.97,4731.98,-20885,-10175,0.6802,0.5046
100747,1,40104.58,142889.59,16349.19,-29385,-1630,0.4434,0.2973
100748,0,22318.98,42152.36,2763.75,-28907,-6649,0.4949,0.3025
100749,1,40356.57,66114.17,7583.03,-18618,-12364,0.6079,0.1987
100750,0,151232.97,526940.1,31203.21,-16392,-3321,0.4567,0.4466
100751,1,52086.34,119898.92,9805.17,-20441,-9149,0.2284,0.6021
100752,0,47696.51,142341.1,13097.15,-13807,-12021,0.16,0.4156
100753,1,99905.09,364284.7,21051.49,-21118,-7873,0.4819,0.3969
100754,0,120986.37,410448.01,63020.02,-10271,-10080,0.5849,0.3652
100755,0,45849.01,136525.35,7379.89,-29193,-4354,0.0944,0.5879
100756,0,73634.52,177595.87,10301.52,-28462,-10582,0.6081,0.6601
100757,0,29888.9,59880.53,3078.06,-12710,-10924,0.6345,0.0112
100758,0,13589.68,34795.77,2439.84,-10482,-5146,0.8089,0.3494
100759,0,41958.24,158327.75,10746.61,-18104,-14933,0.5829,0.6261
100760,0,32636.01,91463.6,13261.4,-16847,-1323,0.591,0.7597
100761,0,80344.91,158301.04,12045.82,-16881,-15,0.6709,0.5656
100762,0,75697.86,193807.47,10738.04,-8299,-911,0.5462,0.4238
100763,0,58554.71,232539.57,26216.97,-9641,-5383,0.5341,0.5716
100764,0,59465.38,185013.6,22114.44,-24125,-12158,0.5732,0.4935
100765,1,56063.96,147915.28,13775.91,-18773,-11208,0.6988,0.5552
100766,1,48051.25,178907.21,11503.5,-24105,-9850,0.4637,0.5424
100767,0,42106.86,63226.72,3445.32,-8050,-7193,0.4501,0.7508
100768,0,34668.33,93912.13,8952.86,-20257,-7586,0.377,0.5206
100769,1,40073.75,124307.82,11899.15,-9549,-9680,0.3584,0.3702
100770,1,39472.14,96113.09,14829.46,-15980,-2779,0.6154,0.6547
100771,1,35770.69,84802.62,6726.09,-18357,-1394,0.8595,0.2898
100772,0,53576.1,95589.28,5136.85,-19310,-8498,0.3562,0.3904
100773,0,56533.86,146250.16,12456.66,-28227,-5760,0.5123,0
100774,0,170541.02,546819.25,87311.43,-28427,-3792,0.344,0.4888
100775,0,58615.6,194546.62,22756.3,-23584,-861,0.7316,0.5761
100776,1,54669.78,167223.22,22157.95,-17806,-9351,0.4865,0.1055
100777,0,55006.35,190391.46,11309.51,-28940,-6506,0.5858,0.9578
100778,0,22090.67,53299.43,5050.93,-11775,-7544,0.6196,0.2636
100779,0,40963.38,158743.41,8815.93,-9891,-6206,0.3391,0.1916
100780,0,30476.14,54983.85,2756.13,-13556,-6304,0.5291,0.3842
100781,0,24655.08,66802.19,5333.63,-27344,-8696,0.5043,0.5099
100782,0,19142.23,49772.62,2922.46,-5886,-3748,0.6851,0.362
100783,0,69016.37,105586.03,9984.38,-28808,-12484,0.3034,0.5494
100784,0,59663.95,207453.27,13929.36,-25203,-14238,0.31,0.2719
100785,0,43692.78,172672.42,12199.09,-9015,-3053,0.7032,0.5963
100786,0,16899.85,26140.14,1920.07,-8613,-4024,0.4324,0.4754
100787,0,36202.02,77298.27,5186.86,-5603,-14079,0.4179,0.8278
100788,0,54846.34,107834.93,9240.85,-27898,-4093,0.5726,0.526
100789,0,49622.18,121362.43,9186.92,-14839,-14452,0.4859,0.441
100790,0,25848.15,72889.27,4729,-28035,-13144,0.9233,0.4772
100791,1,81676.5,143949.02,18793.84,-23228,-2435,0.6019,0.5601
100792,0,17510.43,48293.29,7318.07,-25566,-2909,0.5823,0.2884
100793,1,47267.47,176242.78,13805.01,-20867,-2863,0.7362,0.2486
100794,0,36170.84,67801.85,6343.13,-8611,-6343,0.538,0.6216
100795,0,28290.18,70236.54,4931.68,-23979,-5501,0.5597,0.4669
100796,1,19001.93,65426.36,5500.48,-8501,-6376,0.3354,0.1536
100797,1,64595.4,119581.39,13347.4,-7086,-5302,0.0914,0.257
100798,1,33382.7,122009.37,6776.93,-10627,-9640,0.3086,0.4707
100799,0,28499.4,54862.18,7644.39,-11479,-13746,0.5728,0.6855
100800,0,20218.21,72057.31,5432.57,-9362,-14256,0.3433,0.4885
100801,0,93806.79,333167.15,20387.35,-27379,-14236,0.6878,0.4486
100802,0,60235.27,106233.89,9190.72,-21774,-4405,0.695,0.3575
100803,1,52553.91,151682.46,8294.43,-18431,-12104,0.5935,0.3051
100804,1,47670.78,175044.83,15512.53,-17503,-6448,0.5097,0.3222
100805,0,37146.72,119719.25,8869.47,-16824,-1541,0.2769,0.5388
100806,1,38411.16,129314.28,9948.05,-27478,-295,0.4882,0.3332
100807,0,76253.91,212090,14361.05,-20300,-6819,0.4594,0.4873
100808,0,28295.2,64569.3,10563.83,-24045,-3973,0.6826,0.3899
100809,0,133082.89,412740.18,45108.49,-26241,-4605,0.8117,0.4819
100810,1,28178.26,100530.56,11010.46,-25817,-945,0.6502,0.654
100811,0,95565.71,267615.04,14275.06,-5408,-14894,0.3243,0.6097
100812,0,32382.84,116120.08,11604.81,-29292,-11448,0.8842,0.4412
100813,0,58791.79,89556.59,8039.37,-6379,-8227,0.7521,0.2516
100814,0,25307.93,51581.91,2954.91,-20762,-12023,0.5947,0.5652
100815,1,34290.75,74684.67,4430.44,-24456,-13312,0.1087,0.4772
100816,1,23765.87,48008.13,2752.18,-28444,-5495,0.3591,0.2476
100817,0,39501.6,114955.42,11830.86,-29110,-2457,0.5363,0.6508
100818,0,61855.04,218272.09,34987.82,-11632,-2934,0.7023,0.6252
100819,0,94425.81,320202.32,23385.58,-16383,-14066,0.314,0.3114
100820,0,17855.51,47402.66,2790.33,-22271,-10915,1,0.9864
100821,1,70257.34,244933.49,19313.09,-12595,-12663,0.0392,0
100822,0,89107.19,152112.95,16703.7,-14375,-5132,0.5028,0.5792
100823,0,46884.87,130438.34,11717.3,-17163,-8182,0.4981,0.3539
100824,0,30959.62,120604.85,6820.71,-20513,-14587,0.4173,0.4886
100825,0,66702.9,141238.54,8177.79,-10850,-10126,0.4862,0.2401
100826,1,75681.81,268868.14,35794.65,-5059,-3510,0.6985,0.4008
100827,0,52904.7,209666.57,26694.54,-10024,-2226,0.3751,0.3273
100828,0,70256.82,122767.75,6833.84,-10817,-7482,0.1334,0.5495
100829,0,34333.53,86997.59,5809.42,-7667,-4209,0.5688,0.5414
100830,0,140462.67,464837.23,55947.62,-12255,-297,0.5496,0.5961
100831,1,17614.27,56062.45,5137.76,-21931,-6664,0.5474,0.5299
100832,0,37115.77,118564.99,9618.51,-18812,-11777,0.6836,0.4328
100833,0,35515.72,89287.83,5697.26,-18707,-12175,0.5474,0.4307
100834,0,23088.78,68598.76,7875.94,-6101,-3790,0.7052,0.8227
100835,1,52768.1,185707.73,11745.56,-8899,-11288,0.1479,0.6203
100836,0,25281.36,79131.27,12817.83,-14488,-5427,0.3244,0.4381
100837,0,53144.55,187252.79,16087.19,-15763,-9387,0.6198,0.7501
100838,0,46819.7,132247.96,16937.64,-16060,-10666,0.4794,0.5402
100839,0,42093.79,77440.98,4787.23,-22021,-1811,0.739,0.4301
100840,1,29740.77,87860.97,5918.81,-6972,-2819,0.3491,0.2458
100841,0,48393.09,135318.61,6966.72,-10141,-4377,0.6948,0.5193
100842,1,51383.47,134101,16706.1,-7218,-4928,0.4162,0.5535
100843,0,48919.98,145037.76,9212.85,-8295,-2164,0.3274,0.322
100844,0,47749.88,189242.56,10516.01,-20909,-10707,0.4814,0.2504
100845,0,47978.73,99598.84,15928.61,-18839,-5168,0.56,0.1841
100846,0,43444.51,98323.09,7385.07,-26184,-7475,0.3045,0.2753
100847,0,21245.78,51120.27,3606.01,-22361,-1348,0.3972,0.6642
100848,0,16230.28,41079.53,2890.98,-16940,-14925,0.3008,0.5436
100849,0,71370.39,146072.11,17510.67,-9349,-1953,0.7534,0.2645
100850,1,29995.44,80817.82,9874.55,-29244,-8573,0.6947,0.1336
100851,1,38736.25,73570.57,9608.59,-5736,-5821,0.3435,0
100852,0,38092.18,73515.83,4720.33,-16783,-1748,0.6615,0.2627
100853,0,112588.06,304930.37,25851.95,-22128,-168,0.4989,0.5456
100854,1,95901.32,321131.65,16555.13,-8825,-6547,0.3273,0.2109
100855,0,38568.26,142505.99,10075.96,-12467,-5777,0.6342,0.5111
100856,1,36965.41,79630.16,5064.31,-6359,-6414,0.4854,0.7965
100857,0,21418.52,42721.75,2994.81,-28882,-4447,0.726,0.0174
100858,0,70650.69,176448.57,23164.66,-14889,-10629,0.511,0.426
100859,0,11479.49,23291.26,1790.77,-18599,-6986,0.7876,0.2549
100860,0,36348.69,71997.79,7248.48,-13753,-4,0.448,0.6416
100861,0,48866.18,193901,12281.31,-26388,-250,0.5939,0.451
100862,1,26938.97,59788.83,3160.6,-24096,-13293,0.6241,0.5208
100863,0,87550.75,182007.25,11164.61,-21404,-9946,0.6058,0.4852
100864,0,49457.7,96597.51,8290.67,-28888,-13697,0.5904,0.4961
100865,0,122550.45,369223.53,24388.58,-16684,-13744,0.5474,0.5159
100866,0,235444.34,863795.64,43482.55,-22041,-8720,0.5318,0.2555
100867,0,36501.91,66184.72,3349.49,-26833,-656,0.823,0.7063
100868,0,28576.67,56611.23,6665.98,-13161,-1393,0.7316,0.7558
100869,1,155337.64,557204.53,74992.57,-23554,-1087,0.428,0.4198
100870,0,14155.02,53849.26,6159.99,-22904,-2289,0.8293,0.4137
100871,1,51837.01,160654.89,8771.34,-17010,-14183,0.579,0.0818
100872,0,60213.2,162392.85,18640.43,-24205,-9598,0.4219,0.483
100873,1,117169.97,402260.49,24695.18,-27006,-8600,0.584,0
100874,0,30061.07,84047.84,4744.78,-6375,-10283,0.5186,0.4093
100875,1,24598.66,61030.91,9756.44,-28256,-5071,0.5702,0.1522
100876,1,47542.79,166427.09,8916.74,-14631,-8860,0.3553,0.2888
100877,0,68127.28,103000.09,6687.73,-20479,-13236,0.386,0.4174
100878,1,94085.9,328175.53,54546.44,-15476,-13597,0.8226,0.5552
100879,0,105144.91,344125.39,18029.46,-25702,-1261,0.7423,0.7305
100880,0,35242.9,135937.2,7038.26,-10364,-2294,0.3733,0.3648
100881,0,18831.99,72689.89,5217.11,-9813,-13184,0.37,0.4075
100882,1,74824.11,169887.86,26709.29,-20090,-12197,0.8947,0.4038
100883,0,35202.95,88088.18,7858.26,-24670,-1068,0.9318,0.3516
100884,1,21962.01,60123.13,4955.81,-14223,-13524,0.3946,0.3885
100885,0,68415.48,234097.2,14994.9,-19945,-14381,0.2895,0.5927
100886,1,69672.62,264557.08,33617.73,-11210,-12061,1,0.8013
100887,0,37126.96,69599.44,10736.35,-27806,-4972,0.5959,0.7637
100888,0,9587.98,30916.88,1926.23,-11234,-14310,0.5873,0.4271
100889,0,44032.22,154964.78,13341.94,-18508,-9875,0.5652,0.5671
100890,0,52564.68,107343.26,5779.25,-16107,-13098,0.831,0.3332
100891,1,36862.58,76087.6,4325.45,-17606,-14571,0.5117,0.1484
100892,1,60204.97,129438.59,15339.68,-19697,-10191,0.8419,0.5537
100893,0,67548.69,151337.93,17709.64,-7441,-5887,0.5059,0.5235
100894,0,46412.79,124716.18,6940.71,-20370,-4843,0.651,0.7695
100895,0,63518.19,136233.29,14245.73,-24754,-8098,0.3433,0.4153
100896,0,27376.61,88069.17,7582.57,-14853,-9973,0.5841,0.1072
100897,0,14805.25,46020.08,4084.45,-22493,-163,0.7901,0.507
100898,1,21532.56,67947.76,4035.83,-17941,-4724,0.5173,0.1469
100899,1,27150.82,75644.36,5824.69,-18345,-6133,0.8065,0.2266
100900,0,18482.67,33926.26,1788.03,-20094,-6443,1,0.3576
100901,0,131870.52,337751.27,19637.7,-19751,-11255,0.7384,0.3599
100902,1,28698.23,56741.26,2987.4,-6570,-14495,0.5003,0.1746
100903,0,47287.63,79613.32,7835.15,-15667,-10886,0.5693,0.6597
100904,0,32277.33,79591.65,5109.06,-19859,-1841,0.4632,0.5111
100905,0,110283.6,272398.5,13686.01,-17527,-3780,0.9857,0.2663
100906,1,48058.67,170414.02,18039.15,-26598,-6761,0,0.281
100907,0,113264.38,349100.69,28758.26,-25332,-1935,0.5662,0.2045
100908,1,24529.3,90132.36,7091.99,-28203,-3547,0.572,0.5203
100909,0,59402.21,225789.22,12991.23,-25652,-7275,0.5927,0.6262
100910,1,20410.4,42121.71,3915.05,-29639,-3218,0.2384,0.3592
100911,0,43152.22,157042.97,8646.85,-10008,-14656,0.5932,0.6536
100912,0,22708.79,79392.66,5275.7,-8264,-4571,0.5875,0.3862
100913,0,39193.23,126690.12,17026.78,-8131,-9925,0.8017,0.5016
100914,1,58162.73,118462.74,6284.96,-13948,-5992,0.6547,0.6733
100915,0,98223.56,313500.5,27676.47,-22650,-3202,0.7731,0.2956
100916,1,26351.94,100532.15,9901.52,-29253,-9469,0.3585,0.4725
100917,0,69637.35,179737.91,11220.65,-8078,-13662,0.5251,0.5563
100918,1,71436.86,108547.87,13186.63,-7063,-9224,0.5883,0.3654
100919,0,28239.9,55825.53,3507.26,-17009,-12580,0.6044,0.4797
100920,0,278253.03,1025819.26,77957.27,-9802,-13152,0.4112,0.5299
100921,1,34547.06,105707.03,5673.35,-20968,-6531,0.8458,0.6871
100922,0,37628.33,131566.56,9352.78,-21234,-4972,0.4276,0.6338
100923,1,48876.26,98502.15,7606.12,-22233,-4153,0.2271,0.371
100924,0,9075.9,14275.17,1955.02,-18785,-9282,0.6305,0.5718
100925,0,107259.26,281346.51,15753.34,-20792,-3013,0.6829,0.7606
100926,1,64038.25,106519.51,8485.36,-26493,-9172,0.7388,0.3242
100927,0,40865.28,159566.82,9816.18,-18288,-10758,0.3607,0.7338
100928,1,122466.06,428209.73,58083.21,-14654,-13137,0.5003,0.1759
100929,0,65803.79,117008.83,6935.83,-22433,-13233,0.2843,0.2706
100930,1,52385.16,194749.45,22858.86,-7473,-5536,0.719,0.4774
100931,0,21780.72,44293.05,3168.63,-26899,-5818,0.6195,0.1091
100932,0,103862.66,405036.71,36956.2,-26215,-10250,0.7328,0.5141
100933,1,44408.88,143192.79,9054.7,-18637,-426,0.6717,0.0238
100934,1,51040,145744.92,9226.3,-21213,-3559,0.4285,0.3015
100935,0,135034.36,469809.18,38547.81,-21749,-9646,0.5859,0.2596
100936,0,57649.37,165508.76,19875.46,-7602,-5516,0.1683,0.6368
100937,0,47452.23,86174.38,7194.9,-19723,-9422,0.6506,0.2301
100938,0,25000.23,98416.93,6800.09,-19983,-9388,0.7438,0.7094
100939,0,41155.13,141850.97,8762.6,-27578,-519,0.3749,0.2876
100940,1,31375.83,49688.08,2743.67,-27796,-8839,0.1228,0.3824
100941,1,31128.86,95627.86,7542.95,-28012,-14650,0.2454,0.2842
100942,0,38122.68,146131.76,9045.17,-25907,-12547,0.3274,0.6653
100943,1,67004.98,224375.55,14019.29,-11058,-2246,0.7982,0.1844
100944,1,89603.84,203734.04,22634.92,-11934,-13539,0.5507,0.598
100945,0,44662.06,145139.65,7668.72,-29405,-533,0.3024,0.6453
100946,1,36789.08,130565.82,8724.7,-17334,-9796,0.6611,0.3746
100947,0,68433.23,246253.69,13537.1,-26125,-653,0.1134,0.1898
100948,0,28255.86,104158.09,11745.48,-16961,-3164,0.5006,0.595
100949,1,17757.43,35462.11,4809.93,-15470,-2680,0.7726,0.2559
100950,0,61341.21,232000.28,13108.74,-24720,-6999,0.4817,0.2725
100951,0,42059.11,160591.34,13322.11,-8428,-2285,0.8111,0.3128
100952,0,11872.02,21855.71,2578.6,-22342,-6217,0.9091,0.2632
100953,1,13118.67,44108.6,3716.85,-20123,-11630,0.3164,0.7817
100954,0,51864.47,92053.94,4837.98,-5739,-10825,0.3195,0.5728
100955,1,78044.84,274575.8,18267.08,-29390,-10264,0.3671,0.5177
100956,0,60551.26,116347,7050.25,-10387,-3699,0.6557,0.3348
100957,0,37008.31,129529.11,18428.26,-20446,-3554,0.717,0.6601
100958,0,106792.94,354001.84,25203.09,-12926,-1107,0.7918,0.2467
100959,0,26022.35,73868.68,5514.01,-11801,-2948,0.8099,0.408
100960,1,35605.25,83877.74,6208.24,-6149,-9174,0.7651,0.6706
100961,0,28936.58,71819.16,9453.68,-21543,-547,0.738,0.2632
100962,1,56609.13,157998.09,10125.6,-7476,-9984,0.5827,0.4575
100963,1,17300.44,61580.92,3874.33,-12113,-8589,0.3724,0.2962
100964,1,18116.71,55171.32,4778.38,-13410,-12893,0.4048,0.3725
100965,0,14066.51,31840.61,4347.86,-13083,-2174,0.6315,0.4392
100966,0,42178.18,63881.45,8016.89,-27169,-8852,0.8867,0.4123
100967,0,91911.34,254676.23,41083.54,-14620,-11709,0.8912,0.6431
100968,1,109169.1,340463.41,22123.38,-22486,-2081,0.1648,0.5752
100969,0,26266.89,83876.7,4743.59,-27720,-3654,0.3832,0.6136
100970,0,33445.84,59004.97,7443.64,-12087,-2200,0.8338,0.6193
100971,0,25952.95,60347.6,3220.76,-10103,-11940,0.3372,0.7163
100972,1,52744.7,179094.04,10187,-22109,-10382,0.2273,0.4954
100973,0,53502.1,210579.48,18216.42,-11003,-1714,0.67,0.5807
100974,0,67405.83,151574.89,22333.51,-28640,-162,0.8966,0.3819
100975,0,15809.03,37399.08,3498.73,-29505,-2251,0.9369,0.4268
100976,1,19955.88,75951.53,4885.8,-18460,-653,0.6566,0.5572
100977,0,33038.79,127896.85,19613.68,-19824,-6020,0.6939,0.3825
100978,0,29440.34,69669.94,8241.3,-21311,-9113,0.662,0.3751
100979,0,58847.47,190372.06,14035.14,-19714,-10936,0.5464,0.5046
100980,0,40193,122787.8,7325.62,-25534,-4780,0,0.7572
100981,1,17909.58,48856.26,3738.18,-11849,-10450,0.7021,0.1716
100982,0,84448.68,281923.15,35013.9,-24332,-8702,0.4718,0.3557
100983,1,56214.62,91034.11,12650.29,-12863,-4420,0.752,0.5263
100984,0,28362.67,73979.79,4554,-28587,-1431,0.4246,0.5139
100985,1,21844.41,37743.2,4763.84,-8794,-2472,0.2231,0.167
100986,0,33719.22,54073.25,2712.42,-20232,-13055,0.799,0.3021
100987,0,24322.32,86379.2,10247.08,-25089,-11298,0.5863,0.2257
100988,1,98707.28,389501.99,62101.91,-6959,-12231,1,0.4409
100989,0,37296.66,111380.77,10379.96,-26820,-6926,0.7331,0.7127
100990,1,44276.87,81394.49,8349.86,-14654,-11096,0.7597,0.4497
100991,0,67903.45,103006.52,7013.83,-19104,-10895,0.7028,0.4076
100992,1,58461.13,153826.41,8555.93,-9742,-11475,0.4293,0.9007
100993,0,115289.47,280522.26,14162.27,-26880,-14635,0.4759,0.3288
100994,0,58227.44,133619.59,14982.3,-22166,-4819,0.762,0.4728
100995,0,129478.17,296253.17,16684.24,-20919,-8335,0.761,0.3831
100996,1,32502.45,91070.12,5513.46,-8208,-10145,0.6666,0.2685
100997,1,19632.74,34836.45,2294.01,-14895,-13755,0.3527,0.5712
100998,0,37629.88,58893.74,4335.92,-23426,-408,0.8869,0.3454
100999,0,49914.03,144410.27,12430.83,-7635,-1840,0.2766,0.6201
101000,0,67865.2,131192.23,10712.85,-15890,-1412,0.4634,0.3684
101001,0,84095.63,197853.5,32162.4,-27344,-7156,1,0.4216
101002,1,39949.48,67606.87,8711.15,-17015,-2988,0.6548,0.2872
101003,0,37827.79,73427.02,5636.96,-9004,-6025,0.7441,0.3849
101004,0,35619.01,92601.29,10863.11,-27651,-8627,0.6254,0.5256
101005,0,65518.21,251847.93,37354.28,-23701,-956,0.3508,0.0511
101006,1,18170.31,56955.56,8276.38,-13670,-7139,0.4305,0.2501
101007,0,67811.12,201522.27,10377.85,-16241,-10177,0.5831,0.5068
101008,1,21842.53,63748.96,3352.52,-14110,-10459,0,0.2298
101009,1,72429.34,112126.58,11798.31,-14786,-1762,0.3804,0.6467
101010,1,40222.89,89142.11,9368.61,-6247,-5316,0.7097,0.2467
101011,1,113257.87,409843.65,32857.3,-9806,-10340,0.4903,0.2772
101012,1,21860.17,68328.76,8670.24,-16339,-5134,0.4933,0.4046
101013,1,33773.82,81364.57,9236.84,-8752,-3205,0.7239,0.3955
101014,0,49931.21,121687.84,9702.62,-7506,-9961,0.4411,0.3992
101015,0,52028.17,180451.5,15450.71,-14441,-4365,0.6758,0.5332
101016,0,20264.45,71281.66,3600.96,-21138,-12715,0.2655,0.5645
101017,1,42292.57,131172.99,10004.99,-13013,-5288,0.3045,0.0864
101018,1,18930.2,55203.31,3542.61,-5600,-9485,0.2152,0.6407
101019,0,59796.39,125770.48,9996.26,-22341,-1075,0.5669,0.7188
101020,0,33476.99,117192.21,17967.76,-17785,-9059,0.5088,0.2991
101021,1,54189.9,192118.39,24487.88,-24939,-12785,0.8384,0.0726
101022,1,81642.11,318573.76,36352.19,-25756,-2080,0.5416,0.1222
101023,1,48935.11,126376.22,8829.32,-16727,-4602,0.8208,0.0674
101024,0,69247.45,240255.42,15543.05,-10129,-14042,0.939,0.5117
101025,0,42106.4,78502.6,4778.79,-29566,-12213,0.4518,0.5768
101026,0,45236.58,92117.73,4736.55,-29271,-2272,0.6277,0.7448
101027,1,60370.41,141862.97,12109.3,-11508,-6413,0.381,0.5147
101028,0,45128.38,160436.88,9508.87,-18573,-14662,0.6976,0.6347
101029,1,37122.8,96899.82,5372.94,-9701,-6472,0.334,0.3386
101030,0,25407.23,78723.8,8013.33,-27788,-390,0.3447,0.2514
101031,0,76886.97,223000.07,16249.96,-19509,-1908,0.6078,0.5035
101032,0,131364.25,219520.62,12341.86,-5726,-728,0.5682,0.5174
101033,0,75154.14,142964.81,9646.47,-26062,-10642,0.6025,0.0353
101034,0,78702.34,173088.15,12006.64,-6063,-14380,0.5639,0.6376
101035,1,31561.45,108338.98,9508.33,-9866,-7834,0.4443,0.3274
101036,0,47161.98,132415.35,7114.26,-27852,-10475,0.524,0.4276
101037,0,46984.12,128980.54,9010.41,-23121,-4824,0.874,0.2472
101038,0,61646.92,110456.74,9784.09,-8320,-9511,0.5464,0.5773
101039,0,37293.84,96981.32,5224.29,-21442,-11766,0.2863,0.3759
101040,1,28568.11,103048.82,5192.21,-27340,-14519,0.3811,0.1657
101041,1,41082.5,67975.87,5875.42,-10816,-9704,0.3296,0.5078
101042,0,208596.1,651121.11,103560.52,-9429,-10622,0.37,0.1204
101043,0,36645.71,95279.55,14289.11,-25799,-7875,0.2978,0.412
101044,1,76314.69,240395.28,32462.06,-27778,-5216,0.0248,0.4539
101045,1,17575.92,53642.45,4075.63,-11619,-7612,0.6838,0.9904
101046,0,226952.41,722923.33,118342,-13455,-9098,0.682,0.5522
101047,0,19799.84,43705.07,2262.7,-16036,-13075,0.4999,0.1953
101048,1,47919.64,106466.78,15461.82,-7417,-14975,0.4052,0.5253
101049,1,45451.78,76915.59,11968.73,-20618,-6852,0.3876,0.4302
101050,0,40165.52,94149.47,9217.56,-9490,-7538,0.6297,0.4941
101051,1,17965.07,61297.44,7788.91,-29340,-14677,0.5953,0.1268
101052,0,25773.54,74257.21,4042.03,-5576,-8633,0.6343,0.7862
101053,1,81665.81,198757.07,31521.19,-6951,-10176,0.551,0.5616
101054,0,48415.44,131954.86,15781.74,-18185,-12481,0.6738,0.3747
101055,0,43220.8,104055.78,5228.69,-8200,-6201,0.6362,0.0445
101056,1,52824.97,186778.57,11299.06,-14503,-3767,0.6617,0.5296
101057,1,48866.9,132940.12,7455.1,-6476,-13009,0.6492,0.1706
101058,0,48601.29,190557.06,31239.15,-9782,-9157,0.8824,0.2135
101059,0,68163.57,146573.78,24136.75,-9091,-1095,0.339,0.5585
101060,0,62271.27,232029.75,11868.85,-21459,-4978,0.8517,0.5969
101061,1,90776.4,331540.09,21222.01,-16344,-13387,0.4832,0.3743
101062,0,42379.3,97421.83,13388.26,-6703,-14955,0.537,0.1214
101063,0,53751.78,105619.77,6125.52,-9848,-346,0.5662,0
101064,1,13506.04,35395.07,1780.64,-14844,-7873,0.4604,0.17
101065,1,92611.74,253262.18,38652.46,-10607,-12470,0.0392,0.3106
101066,0,72553.23,132196.19,11816.06,-29351,-12054,0.4874,0.2553
101067,0,39671.69,63153.48,9634.67,-28033,-13531,0.5583,0.5143
101068,1,125679.03,437539.88,29254.79,-24752,-14363,0.2025,0.2862
101069,0,38845.63,61322.62,4155.44,-14486,-704,0.66,0.5445
101070,0,53831.8,133432.19,20083.64,-23252,-12716,0.4305,0.6891
101071,0,19704.1,68380.3,7776.92,-19054,-5487,0.8395,0.3609
101072,0,49859.78,182987.89,9595.7,-21005,-3679,0.603,0.1794
101073,1,28968.76,106660.94,5938.34,-21260,-2279,0.3922,0.213
101074,0,31384.7,119792.71,6667.23,-11156,-29,0.5835,0.6021
101075,1,126211.45,444904.37,36733.26,-6353,-7640,0.6015,0.1385
101076,0,84715.27,322915.92,19454.76,-6723,-8013,0.7324,0.7704
101077,1,30342.03,100967.48,12666.14,-5058,-3502,0.5186,0.5058
101078,1,75083.33,205878.72,20201.9,-12047,-4626,0.1433,0.6416
101079,1,77555.82,142638.55,10562.8,-24281,-4608,0.2901,0.3024
101080,1,61657.34,223383.46,17358.39,-17880,-710,0.3785,0.3218
101081,0,44652.43,153767.26,20099.58,-6092,-2687,0.6353,0.5393
101082,0,51475.43,169274.54,9415.89,-17594,-2411,0.493,0.4122
101083,0,71220.24,130115.07,8650.36,-23121,-12638,0.4271,0.5676
101084,1,35989.94,116440.61,10149.37,-11700,-4840,0.381,0.4124
101085,0,104474.01,406357.52,44574.67,-19680,-11882,0.5807,0.4134
101086,0,41558.87,83816.21,7843.14,-8129,-5068,0.3797,0.8021
101087,0,82844.1,319579.42,33031.69,-18078,-10447,0.4704,0.5484
101088,1,51435.17,84812.59,10456.01,-7497,-1778,0.362,0
101089,1,30886.33,95621.6,6683.2,-16138,-8700,0.2723,0.5934
101090,1,42838.76,164650.5,12982.57,-5923,-10091,0.741,0.3135
101091,0,59857.52,203393.24,14615.14,-27961,-9616,0.2865,0.4577
101092,0,32372.83,59379.31,7328.21,-9949,-4782,0.5646,0.7207
101093,0,31934.12,77257.62,4260.14,-14837,-5664,0.4364,0.7883
101094,1,61430.92,221235.65,11396.34,-11742,-2195,0.3383,0.0546
101095,0,61390.95,227507.97,22898.1,-21513,-14845,0.6019,0.1449
101096,0,80894.14,216705.54,19236.13,-11213,-11890,0.6246,0.5375
101097,1,59896.05,137326.08,9380.8,-16574,-8114,0.8029,0.3214
101098,0,73714.31,240257.14,20863.93,-25586,-9436,0.615,0.3548
101099,0,33571.9,55457.92,3756.4,-23044,-11025,0.5223,0.6959
101100,0,110774.09,240954.56,31362.47,-21174,-12001,1,0.3577
101101,1,63729.3,146271.72,22622.25,-14061,-11455,0.4199,0.2166
101102,1,38403.01,117903.11,11940.69,-8902,-10623,0.3494,0.3899
101103,0,34511.87,116464.02,9187.42,-11236,-11869,0.443,0.604
101104,0,20856.19,81087.67,5234.48,-28924,-9273,0.5279,0.4981
101105,0,68147.51,234267.21,29598.33,-28581,-13592,0.6701,0.6008
101106,1,18843.19,46780.27,5131.82,-10224,-2850,0.6332,0.0962
101107,0,94372.96,175821.84,10730.32,-23699,-5943,0.5288,0.4733
101108,0,38100.1,87687.42,5494.8,-8759,-5169,0.3787,0.5884
101109,0,54949.33,206796.99,12243.45,-7202,-458,0.7755,0.7256
101110,0,26350.58,48215.68,2556.83,-19740,-14861,0.7333,0
101111,1,70063.24,199495.02,16527.91,-8696,-14808,0.4051,0.2935
101112,0,97096.48,265847.62,16270.66,-24093,-7104,0.6874,0.6116
101113,0,39042.11,101338.06,7658.48,-18194,-5525,0.64,0.5548
101114,0,94793.94,286258.64,33362.92,-14735,-12404,0.759,0.5212
101115,1,59370.8,222521.14,14851.88,-10230,-5971,0.5799,0.129
101116,0,57733.08,186394.48,28609.25,-26240,-958,0.3218,0.3855
101117,1,61960.89,246159.37,40190.75,-14737,-14054,0.7105,0.0177
101118,0,30018.12,97274.4,11223.68,-15000,-8990,0.4043,0.4538
101119,1,36283.6,120286.17,6191.08,-27044,-10251,0.6554,0.2515
101120,0,19710.56,36368.53,3740.18,-13367,-6612,0.8847,0.162
101121,0,18801.49,30436.42,1898.43,-13300,-1690,0.2662,0.4839
101122,0,49131.8,113154.7,9150.91,-29397,-11496,0.8624,0.815
101123,0,21427.44,73763.43,5302.82,-14936,-9083,0.8206,0.1331
101124,0,40640.09,98769.37,9607.39,-16673,-7009,0.4443,0.2752
101125,1,17826.06,38702.45,5371.96,-19330,-953,0.4997,0.4108
101126,0,83986.77,156432.9,16315.13,-19586,-1526,0.4128,0.3087
101127,1,58167.09,171808.73,10090.76,-7007,-6151,0.4359,0.2413
101128,1,27294.24,92670.79,13020.08,-13044,-12984,0.6659,0.572
101129,1,54702.94,99292.58,5326.09,-11528,-223,0.3702,0.2486
101130,0,71244.14,219811.38,26128.43,-13695,-12869,0.5119,0.4176
101131,0,17963.88,59641.82,3403.59,-21600,-10179,0.5212,0.646
101132,1,40134.23,70922.5,3899.13,-10993,-14223,0.5307,0.5224
101133,1,41646.19,150086.54,11658.78,-13105,-825,0.5863,0.1289
101134,0,55557.03,207698.41,14704.93,-20693,-3470,0.8693,0.7122
101135,1,29728.61,88708.9,4715.21,-12841,-1699,0.4597,0.5579
101136,1,64308.79,231478.87,14814.75,-25155,-11492,0.391,0.4938
101137,1,38282.67,149856.36,20353.07,-10526,-453,0.7085,0.424
101138,0,32262.54,48801.46,4139.64,-6028,-1218,0.6261,0.277
101139,0,20974.45,33550,2521.79,-8816,-11176,0.5972,0.2849
101140,0,11478.52,24310.03,1295.63,-10563,-2781,0.6682,0.2592
101141,1,34306.68,100045.42,11724.07,-19054,-1757,0.2676,0.1716
101142,0,118391.23,205215.62,11133.11,-11073,-7617,0.7627,0.5565
101143,1,64096.71,151477.61,13040.54,-19315,-872,0.6408,0.178
101144,0,27735.83,109600.88,6249.32,-11104,-3758,0.7403,0.5336
101145,1,51620.53,204093.47,11411.79,-21139,-86,0.4303,0.2799
101146,1,15903.99,50505.49,3342.13,-10270,-6510,0.1816,0.6239
101147,0,67544.13,181566.71,12291.28,-25290,-13566,0.4531,0.6569
101148,1,33817.2,85500.08,5664.91,-21261,-5789,0.3686,0.4541
101149,0,22914.06,71144.49,4325.79,-13164,-5024,0.9946,0.529
101150,0,20616.38,68333.15,6883.14,-22623,-5388,0.4673,0.5053
101151,1,106379.34,270517.44,33781.57,-5635,-1934,0.5069,0.1686
101152,0,36211.69,94810.95,6789.07,-15756,-6969,0.7626,0.6109
101153,0,43768.92,71602.25,4055.48,-22806,-3497,0.6741,0.605
101154,1,22575.81,84557.69,9716.19,-25361,-6874,0.6846,0.2684
101155,0,38045.67,124676.32,7831.29,-18997,-605,1,0.2508
101156,1,90153.48,200836.06,10094.58,-16827,-12432,0.5832,0.5225
101157,1,23801.85,50367.75,7877.58,-14804,-13911,0.931,0.2328
101158,0,39985.02,108182.1,12264.36,-16356,-4614,0.6007,0.4851
101159,0,122309.71,281163.62,21108.71,-26066,-4692,0.2582,0.5769
101160,1,32420.14,74857.33,5795.25,-19501,-2527,0.1046,0.3963
101161,0,104952.7,414372.61,51511.49,-7088,-4228,0.6799,0.4213
101162,0,39016.42,135320.57,10248.9,-28784,-13799,0.3502,0.3129
101163,1,30539.88,61819.03,5419.05,-19908,-11631,0.5584,0.3879
101164,1,47377.77,163182.63,11084.36,-5252,-13830,0.9054,0.336
101165,0,40216.66,124539.22,15422.53,-21758,-12550,0.6194,0.9569
101166,1,58453.2,117673.35,6609.9,-6326,-10763,0.4926,0.5703
101167,0,44814.77,117687.2,13339.09,-27968,-11525,0.1651,0.6755
101168,1,22613.3,50459.28,4229.76,-11344,-14191,0.3899,0.3559
101169,1,26953.84,75709.84,5832.09,-29823,-2926,0.4349,0.4085
101170,0,37572.16,107675.01,12436.36,-24238,-6146,0.6868,0.9991
101171,1,30640.35,120089.13,17356.81,-27717,-878,0.6467,0.2839
101172,1,23000.6,86787.62,8540.06,-16797,-4521,0.5528,0.3215
101173,0,53135.77,135653.99,14506.4,-17835,-3281,0.586,0.4217
101174,0,47165.24,157262.21,14539.62,-15798,-8430,0.4924,0.6709
101175,0,42198.15,110347.04,7209.6,-22982,-6442,0.556,0
101176,0,101389.6,152381.5,11437.83,-13360,-13236,0.6043,0.8607
101177,1,54354.86,212116.96,13138.9,-29030,-5409,0.6398,0.2312
101178,0,87003.52,189928.78,16676.56,-20610,-5391,0.9155,0.2047
101179,1,26145.96,97207.6,12591.15,-12481,-12314,0.3276,0.3815
101180,0,17293.34,46784.07,3406.71,-26366,-10551,0.845,0.5817
101181,0,35043.53,106458.48,17274.42,-14748,-11138,0.6843,0.2797
101182,1,53128.69,207351.76,18841.95,-15368,-5318,0.2409,0.0748
101183,0,115441.81,359890.08,38313.89,-7496,-4921,0.4946,0.352
101184,0,42659.2,129168.69,6909.47,-20562,-1070,0.4241,0.5156
101185,1,49177.27,167043.47,21502.65,-7772,-9955,0.3634,0.623
101186,0,18457.74,64377.37,5622.77,-11693,-12821,0.2424,0.6779
101187,1,110535.9,382427.1,22277.48,-10307,-7403,0.4512,0.3632
101188,0,11378.52,42509.45,2444.91,-23132,-4367,0.4629,0.7426
101189,0,48698.06,184649.24,9794.55,-6897,-7615,0.4853,0.6896
101190,1,21362.77,41082.51,2127.61,-28473,-2025,0.1378,0.3575
101191,0,93914.15,219760.95,14393.18,-19413,-9005,0.6383,0.6326
101192,0,53473.27,211905.94,30014.02,-16630,-189,0.6993,0.6613
101193,0,49397.57,138947.9,12472.9,-28204,-14304,0.7079,0.1737
101194,0,57907.62,90421.79,13666.06,-9119,-11015,0.7041,0.7545
101195,0,45335.84,76655.49,4288.78,-8133,-6392,0.5901,0.4344
101196,0,29580.43,112920.79,5669.67,-24326,-13781,0.8437,0.5505
101197,0,105232.5,395429.78,33992.32,-5403,-3844,0.3747,0.4326
101198,1,91863.14,199495.46,30815.56,-7757,-11732,0.3047,0.3118
101199,1,71683.04,232006.33,26838.02,-21211,-1111,0.6176,0.7553
101200,0,55374.31,139389.57,8439.12,-7579,-11589,0.6382,0.7128
101201,0,86269.15,130243.43,6892.61,-9394,-7331,0.4007,0.236
101202,0,39879.69,142241.86,22608.66,-11306,-14742,0.5573,0.4468
101203,0,15532.06,53633.68,5100.33,-7180,-14550,0.6147,0.5578
101204,0,33718.38,78005.45,12940.08,-18562,-13907,0.6259,0.0931
101205,1,26216.71,93394.76,6396.39,-15738,-9737,0.7253,0.36
101206,0,52682.87,163588.47,22079.61,-14872,-7634,0.7367,0.5457
101207,1,20800.78,67260.49,5339.49,-25251,-5864,0.0642,0.3807
101208,0,57196.69,111878.36,6321.28,-6083,-1156,0.8956,0.0411
101209,1,57005.64,207186.11,10477.5,-7869,-13181,0.6412,0.1533
101210,1,82172.43,249416.59,20064,-11441,-13820,0.4359,0.2654
101211,1,87649.48,264243.43,14060,-13378,-888,0.3271,0.4848
101212,0,28465.33,96140.26,6045.62,-24357,-3584,0.731,0.0865
101213,1,114384.9,285958.82,21256.55,-19710,-1248,0.6156,0.55
101214,0,50405.28,122704.44,6839.31,-25049,-13715,0.7656,0.6627
101215,0,29582.68,65903.82,6893.27,-20416,-14123,0.5379,0.337
101216,1,20339.55,52477.06,6276.86,-22033,-10089,0.5013,0.6388
101217,0,139951.5,226969.98,24636.76,-10712,-6793,0.9983,0.6446
101218,1,68477.03,114609.45,5917.67,-21137,-4000,0.1428,0.4466
101219,0,90578.54,268479.33,15775.79,-14259,-12671,0.6282,0.378
101220,1,32203.89,87023.37,6449.43,-20204,-1229,0.627,0.412
101221,0,70350.34,138700.66,17997.27,-22380,-7428,0.6377,0.0745
101222,0,17164.85,34623.97,3083.57,-14095,-10383,0.6616,0.5621
101223,0,28179.83,69679.15,4171.15,-24790,-12588,0.4947,0.5171
101224,0,35393.71,106138.8,7553.09,-24709,-13667,0.7833,0.4194
101225,1,6638.58,12237.03,1236.19,-10882,-14923,0.0591,0
101226,0,24175.7,67676.1,3588.27,-22935,-7756,0.3889,0.5084
101227,0,62211.85,243992.25,14505.34,-9756,-13395,0.5262,0.5631
101228,1,20284.92,72389.91,8055.03,-24018,-3717,0.5826,0.2752
101229,0,35388.55,62524.02,5970.33,-14253,-2023,0.6313,0.6518
101230,0,40596.15,72298.6,9091.96,-11296,-10371,0.6779,0.5654
101231,1,27330.7,106549.68,6270.88,-10067,-4947,0.2483,0.2124
101232,0,43318.39,136642.58,10812.18,-17474,-7178,0.5515,0.2583
101233,0,53446.52,152661.79,8718.42,-29593,-3145,0.6548,0.4059
101234,1,27881.19,45035.33,5727.81,-5847,-84,0.8153,0.2519
101235,0,29464.35,104658.6,8564.13,-29972,-3244,0.5273,0.2408
101236,0,55666,168008.52,15212.27,-5400,-8248,0.8698,0.7219
101237,1,20620.03,44688.17,2582.21,-16572,-12399,0.4937,0.2188
101238,0,110109,362693.92,24342.79,-16301,-1022,0.54,0.5022
101239,0,102471.46,274668.39,18290.51,-7210,-9363,0.582,0.1384
101240,0,51906.24,88497.64,7458.26,-9799,-13029,0.4495,0.4486
101241,0,44844.78,99417.68,6104.05,-25357,-14075,0.6932,0.5635
101242,1,19948.02,65953.53,5458.95,-11308,-5051,0.2808,0.6722
101243,0,12346.86,19497.07,1377.49,-13140,-12647,0.5489,0.2261
101244,1,120425.48,430060.1,35827.04,-14439,-2533,0.4419,0.3009
101245,0,16060.64,58895.77,5951.52,-9734,-4446,0.4406,0.6291
101246,0,134758.9,439935.49,65020.4,-23398,-4650,0.7803,0.568
101247,0,54520.65,214028.12,17071.92,-8645,-10190,0.7604,0.3923
101248,0,28190.8,93701.21,7052.6,-21609,-14897,0.8696,0.4596
101249,0,46973.16,86711.84,9487.26,-24481,-14014,0.4972,0.3522
101250,0,19868.75,46290.72,5323.84,-26986,-5764,0.5565,0.5926
101251,1,41924.15,127080.58,20471.04,-7298,-8367,0.2397,0.5197
101252,0,69948.4,127274.24,15061.48,-6092,-8726,0.4724,0.4313
101253,0,40302.35,83885.49,8800.03,-5995,-5300,0.9028,0.2809
101254,0,67151.53,134504.19,6742.16,-21941,-13796,0.4667,0.5055
101255,0,34796.88,85216.58,4700.1,-13116,-2149,0.3167,0.3922
101256,1,56006.45,210191.59,17353.08,-26056,-483,0.5584,0.0797
101257,1,55295.64,131318.13,20752.35,-18110,-12486,0.7993,0.2589
101258,0,52837.05,157601.84,12265.37,-26701,-9481,0.2344,0.1126
101259,0,15096.69,46383.28,3952.65,-24490,-13366,0.4992,0.6367
101260,0,76070.15,262367.81,30510.28,-26496,-6905,0.6436,0.7528
101261,0,46763.71,131890.64,19345.77,-28391,-6563,0.9455,0.9209
101262,0,86516.37,254022.46,17185.1,-13533,-4926,0.4269,0.8773
101263,0,48276.72,140586.31,13984.51,-19163,-10015,0.8539,0.2995
101264,1,86005.18,274000.48,27314.66,-21023,-11065,0.4634,0.1994
101265,1,59340.49,153907.92,10270.55,-7101,-11113,0.3438,0.325
101266,1,146489.28,435027.34,60772.8,-18990,-2890,0.3231,0.7044
101267,0,67259.47,219270.1,19369.68,-21200,-2387,0.5058,0.2512
101268,1,60746.83,203588.08,18267.22,-28925,-14551,0.5455,0.3083
101269,0,63075.16,176693.29,12322.55,-26364,-14161,0.4854,0.3006
101270,0,71424.91,247170.44,14884.99,-24780,-14252,0.7604,0.3945
101271,0,64272.08,194626.04,30197.33,-10401,-1118,0.5879,0.582
101272,0,42445.93,101648.29,11333.66,-9931,-14918,0.5288,0.1476
101273,0,84622.74,336177.16,18612.13,-9719,-10005,0.4295,0.4457
101274,1,34589.06,94260.12,13573.15,-20869,-2270,0.2908,0.0991
101275,0,103214.96,268175.6,16781.17,-17317,-10713,0.1581,0.6571
101276,0,96291.26,266464.24,28100.29,-9683,-4254,0.5927,0.6225
101277,0,60028.28,143564.44,21180.91,-28454,-10035,0.5551,0.5031
101278,0,86742.76,130449.04,7629,-22788,-7622,0.823,0.4037
101279,0,62103.88,162151.27,14234.83,-21654,-8150,0.6082,0.6549
101280,0,32349.58,125797.95,13478.55,-25467,-8334,0.7094,0.5735
101281,1,45051.09,84479.23,4741.3,-23941,-8066,0.5582,0.2158
101282,0,68162.78,188112.33,11444.62,-9158,-8135,0.3863,0.9538
101283,0,13146.44,49768.61,6346.63,-7140,-3409,0.6079,0.3234
101284,0,21449.01,71117.76,4613.28,-12971,-3828,0.618,0.2453
101285,0,29695.2,81257.96,7125.14,-26992,-5475,0.3865,0.5371
101286,0,102650.69,265733.11,15135.32,-22978,-11382,0.5443,0.5035
101287,1,25198.73,80192.91,5348.32,-9555,-6404,0.9502,0.4803
101288,1,30830.75,106958.1,6899.27,-19602,-14137,0.3241,0.1642
101289,0,22701.2,61606.42,5868.72,-15759,-135,0.8444,0.4684
101290,0,14796.07,26098.12,1471.25,-8489,-4646,0.5046,0.5275
101291,0,87717.18,210835.37,33729.88,-11394,-9290,0.8465,0.8987
101292,0,58337.3,166940,17862.6,-7555,-13668,0.3814,0.2937
101293,0,56408.78,129472.72,8366.38,-13478,-9022,0.5368,0.598
101294,0,49218.43,76574.79,5742.73,-19686,-2405,0.6122,0.2783
101295,0,47258.85,105441.28,7776.38,-10183,-4012,0.5275,0.5104
101296,1,65432.94,143128.8,10258.35,-20383,-4145,0.6817,0.2578
101297,1,25625.8,101086.01,6198.11,-25197,-13397,0.5166,0.0505
101298,0,20688.07,36918.1,3145.71,-17733,-2483,0.7918,0
101299,0,46584.29,87916.76,7862.56,-13817,-1198,0.5841,0.6234
101300,1,44466.72,130767.88,7272.84,-29075,-2667,0.6885,0.4652
101301,1,32153.3,114113.36,17139.58,-8667,-6851,0.3129,0.527
101302,1,49567.35,184890.59,11797.31,-29910,-6923,0.4183,0.038
101303,0,47771.17,124910.69,7548.54,-29943,-13604,0.7679,0.4209
101304,0,18409.79,34222.53,2178.27,-29748,-12206,0.6518,0.4696
101305,0,60023.76,101048.42,6430.62,-21947,-12945,0.5228,0.7802
101306,0,38458.02,80391.08,4521.49,-6041,-8712,0.5282,0.3105
101307,1,24650.97,80351.26,5080.28,-21280,-14941,0.701,0.6101
101308,0,40075.96,137617.62,10769.67,-21458,-11175,0.5052,0.4443
101309,0,32442.49,89474.76,6970.88,-6525,-12365,0.565,0.636
101310,0,51151.75,89794.54,11105.12,-15033,-10381,0.2208,0.4831
101311,0,42631.22,82693.61,5490.21,-23789,-7502,0.9048,0.4812
101312,1,45471.86,169733.36,11707.25,-18119,-12039,0.7032,0.417
101313,0,33471.11,92607.17,9218.52,-25091,-2454,0.7165,0.4676
101314,1,51200.87,169613.57,11040,-17385,-2930,0.1689,0.4672
101315,1,56914.34,178269.04,11920.23,-17747,-14178,0.5458,0.4157
101316,0,31115.35,120789.44,18583.61,-23402,-7914,0.4682,0.4206
101317,0,12429.77,45233.39,5514.65,-5913,-2172,0.2747,0.62
101318,0,40865.18,131101.6,7726.62,-26222,-5620,0.6955,0.4128
101319,1,61142.58,108861.95,10163.85,-26719,-7215,0.7968,0.2829
101320,1,165761.61,604367.8,39064.82,-20579,-2209,0.4394,0.4311
101321,1,74351.03,213097.49,26014.38,-29518,-8924,0.5042,0.1964
101322,0,15060.06,39692.86,4867.71,-26122,-7721,0.8923,0.7937
101323,0,101291.57,220738.78,27529.03,-16820,-7516,0.22,0.9494
101324,0,160804.02,368496.02,34524.43,-20357,-5568,0.6988,0.445
101325,1,101622.32,213862.6,12795.4,-13266,-8373,0.4872,0.4514
101326,1,57736.59,194101.07,12455.67,-23613,-2769,0.5269,0.2537
101327,0,24611.89,67081.67,8302.32,-17839,-10011,0.4278,0.5114
101328,1,31220.66,100534.95,11065.76,-16472,-9277,0.7693,0.6459
101329,0,37986.39,139714.48,19303.82,-28933,-8304,0.3246,0.6061
101330,0,74842.24,125819.14,9500.41,-19960,-197,0.7425,0.4485
101331,0,29252.86,59640.04,4685.79,-9428,-4534,0.8313,0.7017
101332,0,32398.17,55283.19,8852.86,-16280,-10960,0.2217,0.8034
101333,0,26796.82,66471.81,6615.29,-24990,-867,0.3246,0.3877
101334,0,33005.91,51261.7,4430.86,-19596,-2904,0.6683,0.5354
101335,0,24307.19,78341.49,6859.94,-5917,-7268,0.3587,0.6809
101336,0,129332.11,359781.1,19423.37,-19379,-4273,0.4117,0.3926
101337,0,37884.13,71411.32,8089.28,-9402,-9905,0.4609,0.4766
101338,1,45661.45,120681.4,15110.4,-22567,-6958,0.4811,0.2288
101339,1,37909.42,79503.12,5952.95,-5992,-8403,0.6907,0.274
101340,1,116830.08,391517.58,20365.48,-19015,-2186,0.4294,0
101341,1,85348.19,282903.45,34497.12,-19685,-13402,0.5679,0.312
101342,0,29124.39,77369.23,7898.64,-10512,-7961,0.6975,0.3444
101343,0,119218.63,248517.68,40857.35,-9190,-13799,0.2419,0.6633
101344,0,37269.85,115849.48,10904.9,-22101,-8580,0.4121,0.2311
101345,1,107321.44,327484.15,42520.75,-8683,-3136,0.722,0.433
101346,0,38252.59,150380.73,13961.98,-11127,-14773,0.4747,0.3668
101347,1,31430.83,66064.12,6343.84,-9612,-12297,0.043,0.3733
101348,0,45604.24,68959.77,6292.68,-29436,-13408,0.3784,0.4777
101349,0,27517.38,98735.8,11316.83,-12350,-3941,0.7132,0.7505
101350,1,62325.88,154213.29,14394.45,-7533,-5438,0.4647,0.2188
101351,0,39170.81,127167.41,12828.02,-15777,-13624,0.4691,0.5853
101352,0,41794.37,122511.34,10985.39,-29306,-9067,0.5208,0.3113
101353,0,39379.27,142585.61,18168.41,-28770,-12189,0.6939,0.2241
101354,1,118596.15,405385.89,36844.67,-19329,-1131,0.4518,0.6195
101355,0,91880.45,237823.9,12649.06,-27406,-4896,0.6452,0.1931
101356,1,45916.3,176345.33,11756.56,-15617,-10106,0.6646,0.2598
101357,1,76839.93,283014.86,29160.14,-13762,-431,0.3462,0.6523
101358,0,63560.12,135196.57,16627.27,-6770,-895,0.5376,0.4286
101359,1,61715.11,160486.39,12408.46,-24088,-14153,0.4423,0.7661
101360,0,13821.87,53396.38,6692.6,-11225,-13478,0.6334,0.9918
101361,1,99285.1,335703.25,17575.18,-18608,-6812,0.2483,0.4898
101362,0,36336.3,109111.55,17469.17,-15034,-1695,0.8578,0.6021
101363,0,74080.5,204241.39,15815.16,-13441,-4146,0.8192,0.4727
101364,1,121306.7,283078.45,29734.46,-10114,-1751,0.3814,0.3374
101365,1,32723.15,121106.67,8884.19,-21914,-4080,0.416,0.3064
101366,0,19139.01,75217.34,10333.32,-16676,-2011,0.3683,0.6653
101367,1,116609.53,438930.23,32707.95,-18723,-14267,0.5227,0.5958
101368,0,71728.27,200535.07,33415.59,-14689,-1490,0.4498,0.5444
101369,0,23211.47,54842.3,4065.64,-23939,-14966,0.5725,0.6278
101370,1,34049.66,104463.77,6476.41,-6404,-13366,0.175,0.2233
101371,0,27363.65,52730.54,6519.68,-14342,-10574,0.5817,0.2305
101372,0,35164.94,105056.24,14505.96,-26671,-4806,0.5531,0.481
101373,0,78629.8,145505.39,12252.97,-13407,-4848,0.2299,0.5581
101374,1,104663.86,262315.14,20171.58,-19757,-3593,0.6052,0.6802
101375,0,66368.03,137999.68,16315.56,-12829,-13213,0.561,0.7454
101376,0,14750.63,35387.74,2144.93,-7173,-5161,0.5039,0.4864
101377,0,26456.05,42870.25,5149.56,-23616,-10931,0.5474,0.2298
101378,1,43329.3,143987.4,17201.94,-28428,-10419,0.627,0.2095
101379,1,29884.03,113414.41,7745.09,-21719,-11491,0.6193,0.2567
101380,0,22952.39,70333.94,5980.43,-18509,-6282,0.4637,0.7289
101381,0,56023.56,130836.97,20624.34,-24619,-10511,0.78,0.5309
101382,0,53236.14,121463.79,10843.98,-11113,-13282,0.5427,0.7481
101383,0,56480.3,101476.94,6049.69,-11756,-7608,0.5228,0.3139
101384,0,72972.9,162811.03,21024.65,-10898,-5946,0.7389,0.4395
101385,0,102649.3,167508.11,8925.2,-13124,-14677,0.7484,0.5774
101386,0,27838.44,63334.19,6180.73,-18228,-13257,0.4099,0.5214
101387,1,52111.19,167241.87,8597.76,-7772,-6777,0.3518,0.2149
101388,0,93178.19,202389.01,21031.79,-20208,-784,0.4089,0.1528
101389,1,39668.97,71693.06,9458.66,-6762,-13517,0.3148,0
101390,1,33889.16,133964.94,11634.13,-5902,-4430,0.1938,0.58
101391,0,47863.52,140870.73,8770.2,-23221,-8074,0.6121,0.5695
101392,0,21397.03,81329.41,5590.27,-8484,-2116,0.521,0.4488
101393,0,26100.81,49332.23,4078.19,-6880,-14575,0.6785,0.857
101394,1,43467.59,94423.64,5300.62,-6456,-2199,0.5497,0.5053
101395,1,47911.89,104325.46,9310.23,-13538,-1516,0.6318,0.3507
101396,0,38472.95,152876.47,21201.71,-22346,-12887,0.4508,0.684
101397,1,56711.62,167308.02,19564.09,-17835,-9230,0.358,0.6508
101398,1,27984.39,60181.99,6247.2,-23153,-6880,0.7056,0.3087
101399,1,55275.51,216009.72,11768.55,-8225,-13014,0.7022,0.4637
101400,0,20392.81,64183.13,3508.21,-29654,-7459,0.2033,0.6275
101401,0,47879.88,129630.41,15488.5,-29430,-8779,0.7255,0.6402
101402,0,32152.31,65749.18,3499.48,-23304,-14706,0.1953,0.4234
101403,0,47892.39,147616.2,10694.34,-19043,-8644,0.5409,0.1929
101404,0,53900.05,181799.9,9769.61,-17911,-5112,0.471,0.7822
101405,0,24912.41,57009.52,3340.21,-19545,-7387,0.5244,0.4773
101406,1,52110.3,83824.09,8891.1,-23373,-1952,0.7692,0.3571
101407,0,60888.18,92131.86,11382.75,-21248,-12892,0.299,0.3887
101408,1,57828,146788.63,11297.61,-20272,-13130,0.4969,0.3628
101409,0,119362.6,408090.47,28751.23,-15588,-14409,1,0.1084
101410,1,87277.41,261696.29,21517.89,-13780,-7966,0.2543,0.4157
101411,1,53344.48,190207.49,14769.91,-6430,-3550,0.4247,0.6478
101412,0,74698.29,275467.62,14843.4,-20820,-5664,0.5418,0.9071
101413,1,135294.76,482586.52,55916.6,-19494,-10691,0.59,0.3428
101414,0,38042.97,140932.89,8660.73,-23963,-10791,0.4433,0.4122
101415,0,22654.67,47591.8,2564.12,-6832,-14748,0.4968,0.5815
101416,1,32132.96,121725.85,11751.2,-6592,-10452,0.7668,0.4166
101417,0,31207.6,57612.12,5031.28,-22415,-2833,0.5139,0.3426
101418,0,134175.18,221088.69,19126.58,-9926,-14641,0.6003,0.3833
101419,1,81365.75,256365.47,42698.56,-16433,-11123,0.6239,0.4946
101420,1,46478.61,104909.98,7610.12,-13976,-2442,0.6314,0.0017
101421,0,26113.05,40910.87,2663.4,-20725,-9493,0.6485,0.3214
101422,0,44088.24,144132.49,10938.74,-16465,-9452,0.5609,0.4759
101423,0,77918.84,122936.29,6721.18,-9495,-12869,0.4083,0.5501
101424,0,24321.59,52255.12,4570.39,-25694,-8880,0.5383,0.2539
101425,1,14568.91,31161.01,2355.18,-18284,-3638,0.3573,0.3303
101426,1,71552.17,123041.17,13476.26,-12579,-819,0.5687,0.1126
101427,0,20049.89,55730.7,4305.72,-13544,-9602,0.4804,0.5426
101428,0,87678.29,255611.44,37291.94,-8788,-8714,0.5263,0.5766
101429,0,67959.71,109104.79,7432.77,-21960,-1802,0.3302,0.4352
101430,0,18320.56,36461.2,2908,-14682,-13347,0.4934,0.4556
101431,1,42082.82,95278.41,5981.47,-15233,-5750,0.3321,0
101432,0,21721.44,54094.5,3579.22,-21477,-1224,0.4689,0.7327
101433,0,15962.65,30572.53,2251.69,-17512,-7003,0.6554,0.3894
101434,0,29905.35,80939.95,4819.02,-7523,-1837,0.5981,0.3301
101435,1,32610.4,87798.84,5048.84,-12915,-938,0.7297,0.4539
101436,0,86295.7,232432.83,19225.63,-8992,-5158,0.6476,0.5705
101437,1,44286.47,70217.22,8963.42,-7395,-13819,0.5724,0.7647
101438,1,49573.61,128433.46,11602.88,-15056,-13980,0.7497,0.5277
101439,1,28719.56,107152.12,8054.76,-17433,-6204,0.7883,0.225
101440,1,40765.85,109628.34,13057.69,-7869,-11367,0.2701,0.4341
101441,0,38702.88,92310.78,6488.53,-17400,-6557,0.7284,0.4715
101442,0,39501.26,61029.65,9178.68,-23985,-7587,0.7056,0.4828
101443,0,53657.05,186470.51,19158.89,-17576,-4609,0.7384,0.6469
101444,1,50108.16,155525.59,8174.12,-27575,-12249,0.3682,0.4325
101445,0,7896.4,21345.62,1260.37,-8146,-7656,1,0.2936
101446,1,47665.97,166057.99,9698.7,-17198,-1504,0.0311,0.7285
101447,0,49327.71,75551.34,4599.33,-25905,-6544,0.5514,0.9991
101448,0,34530.42,104665.61,5944.66,-26948,-5202,0.5736,0.3899
101449,0,85286.41,199246.55,10189.94,-23274,-3348,0.5201,0.638
101450,0,29704.79,81119.46,4509.37,-25266,-11182,0.6996,0.6665
101451,0,51752.91,197161.46,11102.24,-15125,-1076,0.5748,0.634
101452,0,70379.83,162498.28,25271.23,-13380,-11712,0.3944,0.3688
101453,1,50174.44,173220.69,23282.32,-23226,-11978,0.832,0.5829
101454,0,39935.08,116644.44,16516.28,-21350,-12839,0.4912,0.6954
101455,0,23102.87,67114.7,4390.91,-6866,-12927,0.6721,1
101456,0,80073.15,311002.23,16178.73,-8011,-7984,0.4167,0.5299
101457,1,29325.98,99474.58,5478.76,-5274,-9939,0.338,0.4643
101458,1,75935.86,234913.88,21506.18,-28343,-345,0.4288,0.2603
101459,0,66990.42,101469.03,9783.19,-20501,-12347,0.3386,0.4527
101460,0,65184.99,237065.92,34583.53,-22670,-8953,0.6566,0.5912
101461,0,38501.94,104148.87,7055.27,-28593,-847,0.2396,0.5831
101462,0,12624,34046.72,2223.55,-27483,-4695,0.3543,0.2688
101463,1,62981.37,247546.52,17952.13,-11930,-3586,0.5554,0.451
101464,1,34512.1,85455.63,8764.05,-14552,-10530,0.2069,0.2334
101465,1,24936.68,53570.72,8688.55,-18393,-8465,0.449,0.5313
101466,0,23710.88,35652.03,2467.83,-5330,-2074,0.489,0.4682
101467,0,32699.9,110288.22,7567.6,-23588,-5905,0.8192,0.693
101468,0,35882.92,72321.69,4383.28,-16614,-2668,0.4985,0.4801
101469,0,76221.39,159466.27,18206.69,-25800,-3589,0.4453,0.6513
101470,0,52261.77,165185.36,14030.17,-22006,-3945,0.4174,0.5681
101471,1,33186.12,117302.92,14813.42,-6807,-2133,0.6394,0.2802
101472,0,47917.63,147382.65,13150.21,-24233,-14493,0.4861,0.1517
101473,0,74317.21,179536.26,25134.46,-17522,-6222,0.4412,0.4419
101474,0,31271.58,52293.98,2755.46,-7169,-4948,0.4941,0.8891
101475,1,89890.81,242272.43,13481,-8812,-7483,0.763,0.6026
101476,0,32158.98,106689.44,13930.99,-29412,-6405,0.8636,0.5547
101477,0,39006.77,84675.32,7227.21,-15057,-1600,0.4214,0.578
101478,0,48660.14,127342.09,9601.34,-28390,-1502,0.5541,0.7079
101479,0,75732.53,248294.38,23124.41,-10911,-11336,0.4852,0.7877
101480,1,114307.5,356005.8,18064.9,-8708,-7425,0.9215,0.6429
101481,0,70612.8,260834.35,15067.91,-15696,-4463,0.6682,0.7084
101482,1,15843.77,32354.64,2520.32,-17493,-4469,0.1939,0.657
101483,0,26884.71,95764.76,6086.28,-14508,-13698,0.4632,0.7308
101484,0,41484.51,102990.51,6616.21,-13421,-6445,0.0915,0.6814
101485,1,31432.36,48901.22,2726.06,-7755,-2362,0.5314,0.1301
101486,0,34068.45,85163.51,5759.29,-28939,-3584,0.6908,0.2997
101487,1,45999.38,121740.6,19389.8,-13819,-7268,0.3711,0.4022
101488,1,27120.98,61179.12,8961.49,-26828,-6363,0.2935,0.4459
101489,0,32724.99,54448.04,3663.53,-25241,-14104,0.8012,0.8427
101490,0,63110.3,244622.01,26397.74,-9099,-13144,0.3571,0.528
101491,0,7498.36,23969.88,1757.86,-15183,-6430,0.7316,0.6633
101492,0,47793.29,104779.36,16260.59,-26980,-8214,0.5928,0.3958
101493,0,27122.91,87634.12,7784.31,-8088,-10904,0.7262,0.4875
101494,0,53014.08,183465.63,18483.07,-21589,-12225,0.7505,0.4142
101495,1,29619.92,97878.45,11385.88,-17771,-2183,0.778,0.4187
101496,0,37623.39,75271.65,8972.05,-16029,-9237,0.7972,0.8079
101497,1,64355.32,177470.48,12308.82,-6701,-11539,0.6091,0.5117
101498,0,74940.8,272814.27,35258.05,-22687,-14806,0.5844,0.523
101499,1,57611.18,206967.83,24773.53,-10069,-9807,0.3589,0.4416
101500,1,19654,29705.04,3534.46,-23134,-8450,0.3079,0.3302
101501,1,73538.21,110424.46,16048.96,-15166,-10368,0.4297,0.4095
101502,1,26463.52,105817.23,5722.94,-27568,-5393,0.5228,0.2071
101503,1,188215.46,458654.63,45778.16,-9510,-7757,0.3525,0.4461
101504,0,82586.92,130897.11,8745.23,-6498,-7476,0.7164,0.2992
101505,0,87567.36,212458.28,27084.09,-14496,-1902,0.391,0.6878
101506,0,120695.03,203043.54,16788.89,-17653,-1718,0.6181,0.752
101507,0,42650.87,150065.4,9393.45,-26980,-568,0.7241,0.2159
101508,1,29164.01,97285.67,10877.2,-14060,-12519,0.3136,0.1912
101509,1,36640.58,114476.3,9547.7,-5765,-12086,0.7546,0.353
101510,1,60836.23,238169.32,19785.06,-8437,-11378,0.1283,0.4381
101511,1,65256.75,247546.82,21533.59,-5714,-13749,0.596,0.4756
101512,0,45134.56,122274.7,14079.67,-22025,-2390,0.8523,0.6096
101513,1,54900.03,104430.72,14318.86,-17640,-11859,0.6611,0.2468
101514,0,79440.45,267288.89,25492.41,-18387,-13130,0.733,0.4993
101515,0,31335.61,56833.43,3403.78,-13745,-7610,0.4393,0.3222
101516,0,55362.35,141816.3,8417.9,-21917,-8366,0.6097,0.3295
101517,0,15641.32,36547.96,1862.44,-15817,-1897,0.7713,0.5598
101518,0,52169.25,109329.39,6683.87,-26864,-8451,0.2842,0.4748
101519,0,78814.74,268928.53,19771.19,-22079,-5667,0.7503,0.5919
101520,0,64594.86,176041.02,26423.31,-27186,-2450,0.2681,0.2853
101521,1,42356.1,154856.02,18571.32,-26309,-9155,0.4502,0.4673
101522,0,65755.11,240211.28,26040.76,-23843,-7937,1,0.4143
101523,1,117097.38,397083.47,60239.89,-14279,-14834,0.6521,0.6547
101524,0,42537.43,75344.5,4737.77,-22916,-4646,0.5318,0.4444
101525,0,12054.81,32626.9,4517.59,-25806,-5516,0.7458,0.2906
101526,0,56149.31,119826.67,11264.11,-8167,-4072,0.5012,0.5938
101527,0,67467.77,145875.65,10998.36,-28809,-11814,0.6744,0.5551
101528,1,57203.47,117550.87,7162.05,-10495,-13086,0.4811,0.6131
101529,1,109102.3,407677.2,23042.27,-8477,-8742,0.079,0.4841
101530,1,31910.29,68093.75,4496.37,-10297,-5520,0.6445,0.2825
101531,1,49265.31,147939.06,8128.76,-26619,-1810,0.4477,0.1529
101532,0,112456.88,268232.91,14261.9,-22572,-11379,0.4353,0.6701
101533,1,29221.47,91531.57,10548.78,-28933,-10469,0.5508,0.637
101534,0,29702.88,46589.56,2846.46,-25974,-1764,0.8185,0.4577
101535,1,34723.15,102514.71,11834.19,-24860,-3250,0.6091,0
101536,0,17177.56,57446.47,3213.22,-9254,-2528,0.7184,0.4307
101537,0,43165.23,108007.58,5817.17,-25351,-11997,0.6758,0.6138
101538,1,22419.46,87276.18,4567.56,-19748,-10832,0.5703,0.3517
101539,1,16380.74,47834.56,4413.12,-8893,-11820,0.6842,0.5123
101540,1,67119.02,250787.06,22738.68,-26800,-10821,0.5223,0.2425
101541,1,26173.33,103056.55,10318.34,-19305,-8390,0.3001,0.5527
101542,1,90602.98,331690.31,37477.24,-28429,-4314,0.6195,0.1837
101543,0,39025.69,70805.38,3686.38,-21146,-7503,0.0944,0.3396
101544,0,48540.16,184029.05,28971.44,-22665,-5789,0.3528,0.6971
101545,0,114751.4,253407.1,33211.06,-15348,-9178,0.5381,0.4056
101546,0,57014.46,204047.77,11233.58,-22872,-9808,0.5178,0.7342
101547,1,35317.07,70406.21,9686.57,-10230,-12938,0.4659,0.5231
101548,0,34869.7,85549.48,8487.77,-19484,-7033,0.7477,0.6964
101549,0,46686.09,155875.43,8529.06,-19595,-14750,0.3361,0.4367
101550,1,45806.02,180619.73,17282.8,-10768,-13647,0.0273,0.5862
101551,0,37790.62,69016.19,3899.32,-9756,-2776,0.7061,0.5567
101552,1,38654.94,128191.33,12330.29,-15218,-4918,0.559,0.3737
101553,0,47590.51,114501.95,10020.25,-27509,-3195,0.5283,0.7692
101554,0,58137.38,226307.76,14138.73,-19201,-8326,0.4718,0.6281
101555,1,25898.34,92318.56,8568.62,-28678,-14583,0.2126,0.2851
101556,1,28194.56,77658.87,4645.56,-15562,-12174,0.3595,0.6878
101557,0,37465.68,112053.02,18056.24,-19280,-7931,0.6515,0.3541
101558,1,34689.79,130439.38,6918.75,-11545,-11290,0.5538,0
101559,1,37408.81,101768.01,8310.85,-6536,-4817,0.2662,0.4056
101560,1,44801.8,123158.4,9308.4,-14400,-14906,0.6696,0.2647
101561,0,111621.91,434246.01,57033.41,-25809,-11195,0.7073,0.3684
101562,1,33633.83,67063.1,6033.81,-5148,-12405,0.5231,0.3295
101563,0,28976.65,45333.35,4036.86,-9756,-14756,0.5467,0
101564,0,95038.27,163094.41,8910.94,-15662,-9138,0.8318,0.3494
101565,1,33270.46,88727.53,4614.16,-26168,-5348,0.629,0.6426
101566,0,19521.58,37109.13,2134.31,-6573,-14125,0.794,0.113
101567,0,16660.39,31588.39,1826.2,-28929,-10294,0.541,0.7401
101568,0,23461.94,84510.47,11642.83,-7905,-3556,0.8459,0.7559
101569,0,22969.74,81360.02,5178.53,-20751,-11243,0.5349,0.2606
101570,0,41386.92,122325.24,19285.98,-24342,-10855,0.7335,0.9089
101571,0,19366.36,50345.84,4864.28,-23071,-6712,0.481,0.2301
101572,0,55020.43,124819.34,11835.7,-10320,-9800,0.3346,0.4787
101573,0,28332.14,89064.9,8563.42,-16968,-13670,0.7503,0.3711
101574,0,38180.25,58761.02,3207.75,-6846,-1682,1,0.7019
101575,0,58589.35,151718.24,13182.58,-12763,-8450,0.4848,0.1993
101576,0,55842.55,175276.3,9669.2,-9046,-12389,0.8438,0.3576
101577,1,21549.63,76338.45,5210.07,-9708,-2217,0.5026,0.1523
101578,0,29163.61,92979.23,14434.5,-27323,-2493,0.7347,0.6176
101579,1,41771.65,115035.16,6023.26,-16334,-11658,0.3522,0.5645
101580,0,42915.53,81672.84,10590.3,-15103,-3989,0.6051,0.4242
101581,1,14644.41,22522.79,2904.05,-27940,-12211,0.3973,0.2892
101582,0,21647.59,53587.55,3925.69,-24823,-12792,0.2796,0.2553
101583,0,57849,143317.56,9378.47,-23960,-10094,0.681,0.4683
101584,0,30323.35,56259.65,5325.1,-5129,-5615,0.8719,0.1703
101585,0,17851.71,28912.05,1610.46,-15471,-10834,0.3923,0.8615
101586,1,35577.92,59471.65,3264.41,-19021,-3344,0.3732,0.2296
101587,0,19266.27,36282.15,2068.07,-8774,-12883,0.3355,0.4352
101588,1,73665.57,261070.48,17329.97,-5249,-11584,0.4584,0.33
101589,0,133363.26,267385.42,18709.04,-14289,-9055,0.6831,0.3981
101590,0,47159.9,182880.51,19091.99,-20608,-4403,0.6924,0.434
101591,1,39427.01,94735.11,6110.2,-9777,-6555,0.6386,0.5582
101592,0,40043.1,76178.7,6801.72,-17393,-14588,0.7019,0.2846
101593,0,48543.06,136865.42,6873.2,-23904,-373,0.4562,0.2557
101594,0,37769.62,97368.82,6106.3,-5424,-3492,0.5155,0.6076
101595,0,21350.09,54064.82,4290.38,-7258,-10900,0.6864,0.8523
101596,1,62436.84,232856.1,15618.91,-28528,-3333,0.4937,0.5938
101597,0,13168.44,23896.86,1799.76,-19173,-3962,0.3577,0.5389
101598,0,31885.46,85568.64,5152.71,-13223,-2074,0.2745,0.4878
101599,0,37891.64,141774.73,7166.16,-26846,-8726,1,0.4654
101600,1,37976.48,114150.7,16323.06,-7366,-1930,0.2101,0.0642
101601,0,70699.63,161485.86,17029.17,-22871,-4297,0.5559,0.5645
101602,0,18229.9,69551.88,3778.94,-22320,-350,0.9369,0.3492
101603,0,21761.51,61630.87,3496.87,-14893,-1205,0.7175,0.5097
101604,1,34092.01,71017.48,7738.42,-7845,-409,0.5129,0.7505
101605,0,83773.23,228514.31,11434.61,-26234,-141,0.6567,0.4223
101606,1,18897.41,55651.75,5268.98,-23041,-10702,0.907,0.5662
101607,0,70648.49,228839.08,21654.89,-29586,-7973,0.5879,0.308
101608,1,40623.85,151085.3,8290.78,-24374,-12180,0.4362,0.7314
101609,0,61414.25,98565.2,9027.95,-17419,-13345,0.8404,0.7357
101610,0,83319.22,230460.99,31230,-24937,-14852,0.9238,0.6045
101611,0,34168.92,126896.32,8493.98,-9911,-7397,0.3531,0.6095
101612,0,42368.93,146547.82,7360.9,-24625,-11522,0.6938,0.5093
101613,0,29008.82,66806.82,6216.11,-14027,-12521,0.5759,0.5255
101614,1,16204.16,46614.13,4064.52,-12515,-9591,0.6903,0.5501
101615,0,58686.41,185230.95,9328.97,-26845,-14513,0.6553,0.416
101616,1,45172.29,101791.14,5413.25,-8745,-356,0.5459,0.3397
101617,0,30729.97,66613.59,4239.11,-28752,-3199,0.6377,0.3893
101618,1,125051.9,428225.83,28120.76,-14593,-13541,0.3079,0.5559
101619,0,46522.56,148136.04,8120.19,-14983,-6526,0.2691,0.3729
101620,1,49053.67,168328.62,9224.1,-7002,-14396,0.6941,0.0647
101621,0,22432.23,65662.11,3411.72,-13725,-4228,0.5672,0.5979
101622,1,74716.75,217650.03,17657.56,-15102,-3811,0.5237,0.4971
101623,1,24242.67,62776.9,3474.84,-13983,-7466,0.2148,0.3148
101624,0,27038.91,59329.69,5217.14,-6943,-9937,0.4361,0.4031
101625,1,36433.68,97012.84,4995.46,-7190,-3109,0.5884,0.531
101626,1,106926.22,283871.23,19089.64,-24753,-1572,0.4527,0.7791
101627,0,36018.16,73959.09,8232,-20090,-2428,0.5663,0.6642
101628,0,59705.08,237186.8,15154.27,-17143,-4613,0.627,0.3287
101629,0,25655.17,52946.74,3667.79,-24656,-5479,0.5225,0.9431
101630,1,56226.25,152970.31,8330.72,-11730,-6019,0.6355,0.7094
101631,1,86867.57,249881.12,14219.04,-16716,-12998,0.5014,0.5478
101632,0,57112.53,105689,7439.66,-18135,-3930,0.4863,0.5259
101633,0,43442.46,123147.72,10158.03,-26783,-3534,0.4992,0.351
101634,0,72693.03,249306.35,16857.78,-27734,-6157,0.6778,0.5584
101635,0,34511.31,80496.81,6168.06,-21642,-4557,0.7142,0.583
101636,0,36270.34,70365.34,4106.74,-8897,-3843,1,0.4256
101637,0,28979.24,69859.53,6169.34,-20904,-5061,0.3533,0.5424
101638,1,52834.59,104103.72,6499.49,-14153,-10347,0.4085,0.2773
101639,1,40402.64,67588.88,4853.9,-23585,-1444,0.6788,0.6844
101640,1,45730.43,142128.05,18431.93,-5244,-1520,0.8775,0.432
101641,0,129889.85,340640.03,22488.28,-21147,-3434,0.7953,0.0844
101642,1,31185.79,122654.48,12408.35,-20471,-2198,0.4565,0.359
101643,0,25254.91,98744.6,14577.29,-10896,-2836,0.4144,0.5045
101644,0,17112.27,46718.36,3316.34,-25319,-8059,0.8893,0.5715
101645,0,15081.15,58604.81,4397.6,-28455,-1484,0.8586,0.2188
101646,0,18586.52,52953.46,2825.41,-24762,-3531,0.5929,0.4614
101647,0,129427.26,510743.91,84253.61,-10677,-8315,0.8901,0.4298
101648,1,70820.75,167037.66,9361.5,-16742,-13846,0.5484,0.3547
101649,1,75032.9,254084.51,25205.43,-7084,-5759,0.3864,0.26
101650,0,17771.24,69434.13,7103.9,-16435,-3938,0.5399,0.1781
101651,0,63729.92,249158.98,40492.46,-12443,-4840,0.566,0.4955
101652,1,23705.16,85237.66,5159.93,-9061,-4353,0.2381,0.2283
101653,1,27557.33,70829.22,5782.13,-19471,-13940,0.5157,0.2916
101654,0,44351.82,174751.76,19122.27,-14575,-13252,0.4663,0.6052
101655,1,61598.99,181752.33,13780.98,-8716,-4762,0.6483,0.347
101656,0,38494.82,95988.22,11966.66,-24099,-2970,0.4438,0.512
101657,0,36937.08,80527.11,7319.97,-26382,-4572,0.6464,0.6554
101658,0,31062.62,80586.16,4307.3,-5202,-3721,0.6573,0.4915
101659,1,38558.14,133738.98,13734.42,-19647,-652,0.4941,0.4656
101660,0,10291.17,16843.21,996.3,-25003,-10382,0.5413,0.3297
101661,0,23321.93,41914.03,6765.07,-8650,-12274,1,0.2971
101662,0,40248.91,79860.72,6359.9,-7978,-14614,0.8596,0.277
101663,0,144115.65,553994.44,34368.43,-29340,-9092,0.861,0.5209
101664,1,27254.42,86839.06,6366.71,-29614,-2512,0.5616,0.0776
101665,0,25604.39,85478.64,4351.65,-17681,-8022,0.382,0.5339
101666,1,36367.01,122038.8,18083.2,-9680,-7946,0.6642,0.2146
101667,1,10979.66,32855.33,4098.75,-8016,-10834,0.5632,0.4842
101668,0,56703.45,142741.21,15861.09,-19596,-9053,1,0.7032
101669,1,118973.73,423627.41,40022.01,-19015,-10444,0.1636,0.553
101670,0,118522.87,425290.91,33189.95,-20248,-11318,0.5094,0.3956
101671,0,28770.03,56341,4050.32,-29256,-3205,0.8467,0.513
101672,0,49252.17,191412.87,10495.28,-28217,-14934,0.1303,0.1187
101673,1,73028.85,225908.16,23647.53,-10068,-14018,0.4981,0.3395
101674,1,87230.8,261280.53,20421.78,-5445,-13420,0.6168,0.3963
101675,1,71478.79,133854.39,9364.16,-6745,-4608,0.5061,0
101676,1,21049.52,77761.34,5137.78,-12664,-8445,0.3636,0.803
101677,0,17367.66,43218.6,2478.64,-12442,-3512,0.5256,0.5157
101678,0,54130.02,127768.52,11073.3,-5470,-13797,0.8177,0.6596
101679,0,51321.58,188474.92,10643.52,-21653,-3433,0.2803,0.4458
101680,0,18389.63,28302.97,3459.82,-24983,-10754,0.833,0.5468
101681,0,70506.99,230316.73,35673.41,-14561,-569,0.7328,0.8316
101682,1,67735.07,152399.66,8195.64,-15884,-5071,0.3027,0.4554
101683,0,21775.64,72625.35,5468.36,-21273,-10928,0.2498,0.5123
101684,0,46443.41,79336.33,6812.66,-23644,-6614,0.5569,0.559
101685,0,47376.61,166048.7,9187.32,-11052,-4400,0.6073,0.5262
101686,0,35403.81,89882.07,6380.34,-21226,-2933,0.7872,0.5782
101687,1,81177.84,139042.25,7823.63,-21671,-10563,0.5425,0.4028
101688,0,24983.88,88366.54,12029.78,-10162,-330,0.6341,0.3877
101689,0,45431.33,129193.47,8108.81,-21901,-699,0.8078,0.2187
101690,0,28052.37,63088.16,3875.82,-27690,-7843,0.7841,0.3831
101691,1,33021.84,112909.51,5820.08,-16267,-4702,0.7152,0.3666
101692,0,70042.39,239219.07,30433.97,-25244,-3435,0.6148,0.3347
101693,0,56098.93,220187.78,31023.4,-20080,-8849,0.6262,0.5514
101694,0,37699.78,68116.56,7128.75,-28111,-6580,0.7905,0.5088
101695,1,24110.19,40444.07,2433.85,-20117,-2922,0.7704,0.2333
101696,1,46342.55,119766.81,6195.06,-22028,-13514,0.5377,0.3651
101697,1,26829.33,96748.34,14002.75,-21552,-12593,0.6229,0.5012
101698,0,31960.21,94097.08,6857.41,-23140,-1314,0.8885,0.5197
101699,0,20930.93,32519.51,2169.52,-27862,-179,0.8443,0.4728
101700,1,20375.65,51187.77,3193.92,-13523,-13099,0.3546,0.3288
101701,0,15943.06,28438.39,1489.42,-26677,-5795,0.8396,0.7852
101702,1,36451.73,101984.4,5787.69,-15179,-14355,0.5328,0.5417
101703,0,17516.85,69609.57,6114.92,-29524,-8829,0.2352,0.3282
101704,0,178920.6,438903.42,38795.41,-6664,-3275,0.8085,0.6988
101705,1,46409.73,169315.79,17079.77,-29576,-1840,0.5669,0.3666
101706,0,25145.93,88078.24,8325.62,-16805,-12669,0.7434,0.7878
101707,0,83940.43,203364.34,33266.79,-15407,-3450,0.9378,0.456
101708,0,39637.88,104497.42,8165.5,-8027,-778,0.766,0.2389
101709,1,40120.56,86069.59,10240.96,-18599,-2236,0.4793,0.5384
101710,0,31086.98,49430.96,6953.68,-16661,-13422,0.523,0.6969
101711,0,33887.1,116183.71,7773.18,-8886,-8477,0.3526,0.2886
101712,0,21660.24,52935.04,4084.93,-24798,-9940,0.3857,0.2425
101713,1,39577.83,129477.57,9200.91,-5996,-11304,0.6479,0.5063
101714,1,23979.46,91781.56,8374.73,-23945,-8343,0.4901,0.0824
101715,1,50945.51,178169.95,11206.33,-26249,-2757,0.6817,0.3844
101716,1,108838.1,238379.84,13086.21,-25614,-5695,0.7165,0.3349
101717,1,56197.53,216070.13,24232.71,-21179,-13467,0.6227,0.5819
101718,1,48658.58,194468.8,13957.73,-18586,-12569,0.4703,0.0813
101719,1,81905.23,299666.38,44829.22,-29989,-2158,0.2504,0.1454
101720,0,50989.05,114490.47,9816.6,-18315,-9937,0.5729,0.3969
101721,0,18939.84,34779.04,3146.57,-18100,-11207,0.3424,0.2718
101722,0,71669.45,129154.61,8082.22,-8320,-12778,0.6792,0.525
101723,0,28695.79,86798.61,7423.15,-15392,-6186,0.7046,0.396
101724,1,32983.64,113978.75,7110.5,-27530,-14359,0.6132,0.3358
101725,1,32205.88,87184.79,4484.99,-24718,-9958,0.3424,0.7402
101726,1,33973.12,134387.04,17210.34,-18238,-13028,0.399,0.0359
101727,1,25559.06,56244.22,4883.63,-6482,-3164,0.4517,0.929
101728,0,66966.76,183269.42,17938.07,-27220,-7039,0.5794,0.496
101729,0,63658.88,233455.11,16219.2,-10119,-11433,1,0.3046
101730,1,38154.33,93178.58,15044.07,-19262,-4633,0.3659,0.2291
101731,0,29219.81,63401.26,6235.18,-26509,-10761,0.1186,0.2368
101732,0,55074.29,93696.59,10919.1,-16105,-2997,0.5259,0.5931
101733,0,50029.78,130779.56,19790.48,-19936,-10611,0.3822,0.6532
101734,1,57855.09,204711.58,11708.48,-26431,-7184,0.1155,0.3102
101735,0,63852.83,119114.42,12237.11,-20684,-9721,0.3751,0.6737
101736,0,40210.82,97430.93,8241.59,-12594,-3746,0.4753,0.4952
101737,0,52736.64,186553.98,9495.21,-18620,-1965,0.3296,0.3248
101738,0,26209.93,52874.93,2644.2,-5621,-4965,0.6931,0.7162
101739,0,95667.83,241893.03,12984.33,-7761,-8779,0.7315,0.601
101740,0,66881.79,155887.66,18969.13,-15315,-5629,0.485,0.2019
101741,0,128381.1,223932.91,11550.38,-5946,-8530,0.2537,0.6183
101742,0,19496.97,68887.78,5820.14,-13531,-5865,0.6688,0.7174
101743,0,114442.72,443509.94,25477.96,-6197,-7246,0.379,0.4075
101744,0,29618.99,62718.29,5395.16,-18685,-8223,0.384,0.3317
101745,1,27835.66,95324.41,13380.72,-24331,-11119,0.5798,0.6098
101746,0,38502.46,74906.23,4206.99,-21632,-195,0.3548,0.7598
101747,1,13755.99,38782.1,2906.54,-17066,-11888,0.4911,0.36
101748,0,49056.96,107616.76,14299.45,-24608,-12885,0.3958,0.5374
101749,0,38456.3,105085.67,7735.02,-16975,-14606,0.6285,0.8119
101750,0,76536.14,281620.77,38600.98,-16661,-4999,0.3807,0.4014
101751,0,38603.97,110738.74,7827.18,-25557,-11853,0.3812,0.3776
101752,1,100854.71,272124.06,17773.02,-16690,-4414,0.3576,0.3155
101753,0,27108.2,52690.48,2885.7,-27081,-4894,0.5522,0.2335
101754,0,75357.73,232846.99,33338.66,-10994,-325,0.793,0.1787
101755,0,138278.05,407342.43,67197.27,-7151,-7089,0.3722,0.5687
101756,0,62682.89,172278.1,18611.66,-5437,-7673,0.5936,0.3916
101757,0,49613.5,93134.36,9856.33,-22135,-7908,0.4188,0.1672
101758,0,43420.64,82502.21,10002.55,-22604,-12174,0.3323,0.5526
101759,0,34495.23,83649.47,7609.06,-28677,-12151,0.7682,0.3291
101760,0,46752.45,85115.91,5180.52,-9506,-6228,0.4362,0.1073
101761,0,23770.83,85144.54,5796.35,-28865,-12859,0.8742,0.3167
101762,0,209043.61,754180.17,65777.6,-17383,-6447,0.4126,0.2361
101763,1,43168.95,93893.68,6634.01,-17544,-9304,0.6814,0.434
101764,0,30059.67,86742.56,4855.69,-28675,-11316,0.7721,0.5996
101765,0,28641.44,64389.37,10659.8,-25585,-8241,0.9781,0.6485
101766,0,73794.29,200232.88,14993.32,-19249,-10708,0.3838,0.5474
101767,0,37517.4,142818.78,8787.15,-24193,-5833,0.5653,0.2953
101768,0,99105.69,306024.15,38968.19,-17824,-582,0.7372,0.5469
101769,0,90995.22,156216.98,13607.79,-29026,-782,0.4497,0.2341
101770,0,72074.99,226662.31,14285.26,-27469,-14937,0.669,0.592
101771,1,49990.42,123038.08,8382.96,-29020,-6810,0.4639,0.4172
101772,1,27054.8,104668.63,12006.03,-21464,-9788,0.3233,0.3687
101773,0,53183.79,145522.63,20551.68,-9203,-7495,0.1026,0.5725
101774,0,32609.3,52006.69,3157.6,-27205,-10352,0.6529,0.521
101775,1,23045.62,82695.3,11436.37,-10384,-7847,0.4816,0.0653
101776,0,88095.6,298695.01,16744.04,-28131,-7810,0.8936,0.0527
101777,0,15201.05,29311.24,1991.11,-29527,-6842,0.3267,0.863
101778,0,203296.27,516167.49,61552.98,-23934,-5669,0.4523,0.4873
101779,0,35986.74,123580.16,9763.5,-21804,-6228,0.7115,0.7204
101780,0,44488.04,95565.19,5547.13,-11530,-9511,0.4978,0.7348
101781,1,168071.13,362569,25555.8,-13450,-3007,0.6476,0.4363
101782,0,65828.46,164848.71,17022.47,-22213,-6768,0.8206,0.1896
101783,0,40492.99,106695.24,13445.06,-22935,-3614,0.9854,0.1648
101784,0,23260.84,68671.42,4059.1,-29686,-4299,0.5603,0
101785,0,27863.04,58768.68,9293.64,-14054,-576,0.3824,0.7647
101786,0,50640.16,189106.84,14553.38,-9767,-12130,0.3331,0.4353
101787,0,55391.67,160902.8,16263,-23909,-14399,0.4407,0.6245
101788,0,21346.1,49301.26,2753.07,-14827,-9430,0.4647,0.409
101789,0,59272.58,214377.25,22174.47,-11222,-10021,0.3078,0.7022
101790,0,36155.04,105109.17,14001.78,-29806,-14316,0.6696,0.5097
101791,0,40663.81,72449.47,8137.38,-23053,-3562,0.8348,0.5118
101792,0,58037.96,131211.45,8663.55,-23626,-5793,0.4613,0.3954
101793,0,27510.91,90974.59,9666.1,-28075,-4755,0.3419,0.4324
101794,1,27428.62,77091.5,5253.96,-25383,-62,0.2952,0.6352
101795,1,53885.6,210213.68,11847.05,-22206,-10449,0.704,0
101796,0,115955.71,279405.07,19212.64,-24525,-12492,0.5563,0.2789
101797,1,74040.82,250578.66,20696.26,-19637,-10206,0.169,0.2292
101798,1,14416.53,31190.56,2969.54,-22228,-13425,0.5252,0.3714
101799,1,20811.26,34594.21,3370.2,-5739,-1620,0.5501,0.2489
101800,0,70918.87,200985.41,11569.74,-17032,-12059,0.3812,0.5864
101801,1,26602.79,63947.83,8940.2,-15299,-10098,0.3057,0.7047
101802,0,120311.62,324084.53,27790.96,-16599,-12740,0.4594,0.6354
101803,0,32755,98477.24,9026.09,-17832,-5975,0.4095,0.6671
101804,1,47127.11,110155.87,14848.17,-15058,-8401,0.4151,0.6202
101805,1,68308.56,102972.83,11289.55,-22470,-3552,0.0894,0.6232
101806,0,39998.84,156050.95,10386.83,-17479,-1569,0.5201,0.2531
101807,0,57356.69,138492.38,19178.35,-14518,-6165,0.7397,0.0925
101808,0,46689.13,74469.28,6528.47,-12178,-9300,0.7813,0.8794
101809,0,30363.35,109936.93,8649.42,-16785,-9038,0.9649,0.3282
101810,0,33595.41,70789.93,3688.96,-14761,-3594,0.6031,0.7864
101811,0,27641.42,78713,4012.99,-20674,-13533,0.3396,0.126
101812,0,46637.61,170183.5,8541.04,-10497,-9234,0.6505,0.4188
101813,1,42761.95,94569.74,7916.49,-11215,-914,0.77,0.424
101814,1,29716.05,81079.4,6000.86,-22546,-7927,0.9273,0.4836
101815,1,40603.74,127249.89,9656.83,-19216,-2708,0.7123,0.2592
101816,0,63609.41,106760.96,7161.98,-18474,-6789,0.8336,0.3861
101817,1,51291.22,160062.04,12303.88,-18124,-566,0.6378,0.6122
101818,1,62292.16,178307.82,11833.56,-25946,-8057,0.2945,0.4385
101819,1,45035.92,90663.49,10082.5,-7028,-4553,0.3777,0.3363
101820,0,63978.68,137219.63,10245.12,-24470,-8634,0.9274,0.3572
101821,0,18371.47,31943.7,2137.94,-12623,-11965,0.6908,0.9493
101822,1,35322.6,90851.84,7354.61,-25797,-7931,0.4165,0.3137
101823,1,38689.99,132378.42,13363.17,-15289,-12576,0.4089,0.5778
101824,0,44696.37,127727.48,16464.08,-16171,-1051,0.3659,0.7067
101825,0,18384.43,71937.16,7156.81,-15267,-13469,0.5797,0.2362
101826,0,96478,156531.91,8331.37,-11671,-2654,0.5,0.3767
101827,0,75331.42,171839.32,15035.3,-7649,-10921,0.3616,0.533
101828,0,48453.61,178009.44,9909.36,-27047,-4047,0.7928,0.693
101829,0,76003.67,118398.06,7101.87,-24564,-11403,0.5537,0.6774
101830,0,40972.86,89012.14,5649.61,-18505,-1494,0.7016,0.4366
101831,1,65706.93,239855.42,35289.22,-27013,-1739,0.474,0.5229
101832,0,71420.78,284587.9,34273.08,-10044,-9020,0.585,0.4889
101833,1,76232.73,215615.03,25128.98,-15854,-4374,0.7567,0.503
101834,0,39512.93,110711.52,6586.48,-18984,-7043,0.6851,0.4122
101835,1,40661.86,121678.63,6953.66,-7945,-13499,0.7383,0.0785
101836,1,103304.77,286183.4,14988.91,-23296,-9214,0.1847,0.3955
101837,0,21307.55,47340.08,2773.85,-22771,-3821,0.5854,0.5076
101838,1,65705.47,132933.42,7943.38,-27044,-7616,0.5116,0.5263
101839,0,71293.67,189894.59,21953.72,-22644,-10197,0.42,0.444
101840,0,16115.74,47775.75,7610.81,-18412,-2436,0.4379,0.5318
101841,1,38834.4,151050.03,10847.16,-8783,-4456,0.8852,0.4009
101842,0,102819.99,181037.24,11782.87,-16827,-6062,0.6361,0.104
101843,0,46868.9,184619.71,13272.67,-15691,-5322,0.5211,0.4125
101844,0,36317.73,74917.81,8889.33,-27744,-1136,0.7378,0.424
101845,1,29468.18,108923.61,8190.94,-20760,-2683,0.4409,0
101846,0,35927.1,80572.89,6710.19,-10570,-9644,0.5778,0.6325
101847,0,63862.73,255431.02,15281.58,-7545,-5928,0.8394,0.229
101848,0,51830.73,183536.52,21387.02,-18448,-2528,0.4835,0.5725
101849,0,61432.3,244964.81,16046.65,-16780,-8331,0.3902,0.4985
101850,1,36489.34,120324.87,10916.01,-17846,-3238,0.4403,0.2557
101851,0,34521.09,112311.34,5763.09,-6152,-8908,0.3398,0.4984
101852,0,26536.8,103570.27,5264.13,-28699,-2951,0.6005,0.7052
101853,0,56611.74,127966.38,6556.95,-16195,-9060,0.6156,0.4868
101854,0,82033.56,322588.53,21353.84,-17274,-3955,0.7211,0.3923
101855,1,39600.73,97079.86,5814.4,-14522,-7325,0.9104,0.458
101856,0,75735.83,272461.3,18522.21,-27945,-6518,0.831,0.3867
101857,0,44526.22,78640.31,7327.51,-18126,-6841,0.2998,0.133
101858,1,34682.83,82462.02,5936.69,-27366,-5983,0.9498,0.4822
101859,0,62393.55,211799.11,26475.88,-24190,-13197,0.5779,0.2652
101860,1,21126.56,57494.76,3148.98,-13839,-3964,0.4727,0.1346
101861,1,28566.8,96933.91,10678.68,-14190,-7715,0.9211,0.0612
101862,1,84109.01,270850.87,13961.77,-27218,-693,0.6358,0.3743
101863,0,62160.36,167482.8,19814.63,-29169,-8477,0.8962,0.5769
101864,0,48871.49,120992.72,6732.95,-29606,-7971,0.5413,0.1458
101865,0,38951.51,127620.92,13916.3,-10815,-13864,0.4038,0.3027
101866,0,50444.3,86370.9,4613.04,-21540,-2044,0.1568,0.5396
101867,0,12634.12,31331.37,2264.33,-24817,-3848,0.7754,0.1924
101868,0,30046.72,71341.49,7881.88,-23262,-13915,0.3724,0.7509
101869,1,29549.91,51601.79,8176.88,-19170,-2807,0.7243,0.2873
101870,1,45432.85,123554.06,11673.63,-12819,-817,0.574,0.3563
101871,1,65522.29,184628.71,9465.88,-22371,-13082,0.6445,0.6914
101872,0,20240.74,74456.08,4610.04,-21935,-6361,0.8033,0.5584
101873,1,34194.29,54867.73,8428.71,-28829,-14914,0.4529,0.6211
101874,1,29347.14,95278.98,4955.88,-18512,-8107,0.4577,0.22
101875,1,45454,100670.38,9359.88,-8647,-8233,0.5036,0.6627
101876,1,44747.83,153834.25,8099.17,-14086,-3176,0.7621,0.4485
101877,0,24563.66,61674.9,3393.38,-26204,-13208,0.455,0.5466
101878,0,22256.67,54885.62,4804.5,-25749,-6460,0.5149,0.4551
101879,0,44192.22,76774.32,8525.91,-7360,-3299,0.7093,0.4144
101880,0,75503.43,281928.75,41839.7,-12885,-4196,0.7057,0.8731
101881,1,31618.9,106392.28,6605.29,-21491,-4748,0.7094,0.1815
101882,0,106924.03,421748.37,39850.05,-14334,-11727,0.5598,0.7358
101883,0,39013.08,126041.79,9210.36,-6625,-12912,0.7025,0.3826
101884,1,24873.24,51025.17,3998.22,-8072,-13432,0.6072,0.3024
101885,1,31029.89,69386.69,4043.11,-9932,-2001,0.4234,0.5885
101886,0,42816.19,69408.75,9641.25,-5307,-13100,0.9109,0.3675
101887,0,44241.72,172162.37,9409.18,-11473,-2437,0.1774,0.6325
101888,1,68599.45,121975.26,14544.65,-16596,-4322,0.7191,0.2584
101889,1,54285.19,116303.57,10361.34,-5464,-14552,0.6183,0.2356
101890,0,35642.11,131388.45,8209.76,-20604,-2820,0.5546,0.7046
101891,0,92275.17,210650.67,11614.07,-13892,-827,0.4277,0.5982
101892,1,67024.97,135390.96,7628.96,-17991,-1359,0.4979,0.4165
101893,0,37990.17,96197.37,5547.38,-7198,-12106,0.9111,0.5508
101894,0,30413.65,48406.21,7924.42,-11724,-7160,0.5306,0.4609
101895,1,79749.77,225414.13,18921.49,-5000,-13423,0.4731,0.4654
101896,1,55636.12,129019.24,15483.02,-11755,-6622,0.3743,0.3525
101897,1,64720.53,138296.86,7032.02,-15853,-13687,0.4509,0.504
101898,0,44537.38,136162.5,8884.47,-13198,-4432,0.5331,0.426
101899,0,110406.83,357724.15,19442.74,-23704,-8181,0.2785,0.7053
101900,0,41830.07,113864.81,7627.66,-29571,-961,0.7785,0.1133
101901,0,50599.38,79276.81,8274.99,-7914,-9184,0.5696,0.5822
101902,1,26317.46,47908.07,5376.25,-24856,-12712,0.843,0.3383
101903,0,34643.89,80138.66,6741.97,-11659,-9934,0.7481,0.3408
101904,0,46508.33,115311.31,12686.03,-7739,-13612,0.8329,0.44
101905,0,33097.04,61345.53,3892.46,-19208,-9913,0.2828,0.7281
101906,0,89684.52,231877.2,19965.87,-29684,-14060,0.6659,0.165
101907,1,57132.31,149890.83,9623,-14724,-7601,0.4776,0.2685
101908,1,74730.75,163447.75,19948.43,-29685,-10959,0.5406,0.4058
101909,0,16249.38,42087.79,2491.95,-13421,-4473,0.4301,0.4845
101910,1,20703.71,68023.45,5428.32,-24021,-476,0.593,0.4887
101911,1,15654.46,44807.67,5639.39,-27290,-9104,0.5687,0.8437
101912,0,59770.07,225104.92,24079.37,-27668,-11432,0.126,0.4952
101913,1,104116.64,328470.76,16593.99,-27894,-12315,0.7205,0.4362
101914,0,14219.87,51063.25,3801.83,-17172,-5983,0.5809,0.4859
101915,1,50061.4,190588.13,10968.06,-15633,-9274,0.3556,0.2702
101916,0,79929.15,125488.13,10427.93,-29122,-4209,0.3297,0.5974
101917,0,80735.18,202070.55,11030.52,-23084,-7928,0.412,0.3009
101918,1,86034.86,242660.38,28031.06,-15492,-14464,0.2333,0.2643
101919,1,49116,79058.42,6284.75,-14807,-7510,0.5776,0.5358
101920,1,26855.64,96351.72,13604.71,-23991,-10379,0.8505,0.5621
101921,0,61640.5,129166.11,10519.09,-18929,-1303,0.5886,0.1346
101922,0,38483.77,78150.11,6077.31,-23978,-4843,0.6554,0.7189
101923,1,21762.74,79959.41,5068.49,-11546,-12234,0.2534,0.0453
101924,0,44157.76,162989.87,22298.33,-16726,-6169,0.2422,0.6534
101925,0,39252.65,76665.01,4723.7,-9448,-9356,0.3707,0.4633
101926,1,34859.25,95078.59,5444.66,-26877,-13437,0.6942,0.6854
101927,0,96362.63,341896.21,21549.28,-28410,-10211,0.3731,0.5644
101928,0,14828.79,31014.13,2804.54,-10839,-4340,0.6617,0.7458
101929,0,52597.32,126384.39,13997.21,-27318,-9304,0.5063,0.4498
101930,0,216341.02,813980.31,50727.49,-22021,-4427,0.6267,0.621
101931,0,63063.99,226855.89,12194.2,-22641,-8150,0.3422,0.2291
101932,0,98971.89,365064.87,26405.92,-21170,-11281,0.3602,0.4284
101933,1,40455.44,122669.11,20005.79,-5311,-11175,0.5292,0.7318
101934,0,49955.62,131448.78,7289.68,-18747,-8222,0.5083,0.5916
101935,1,42839.82,110164.89,6428.32,-12152,-12222,0.1923,0.1521
101936,0,32088.56,89509.91,14641.33,-16695,-11447,0.6574,0.3299
101937,1,174750.85,471250.78,58035.99,-7619,-129,0.1601,0.4756
101938,1,20076.1,61214.14,5197.17,-24079,-8037,0.467,0.2762
101939,0,25857.23,45318.96,3055.98,-23506,-10933,0.561,0.2959
101940,0,33713.91,100272.38,14986.62,-17734,-13393,0.4096,0.7887
101941,1,48353.51,86446.86,8732.31,-22959,-13134,0.2692,0.2353
101942,0,120436.63,399769.77,44367.03,-24295,-5249,0.4702,0.4936
101943,0,70138.34,159343.87,10391.09,-11606,-5030,0.5279,0.6186
101944,1,32735.29,100482.2,7692.52,-14450,-12329,0.3652,0.4914
101945,0,26528.93,43800.73,3435.93,-26288,-12045,0.2786,0.4144
101946,0,31860.17,48836.45,2509.83,-22235,-6177,0.3111,0.5833
101947,1,51874.01,143141.5,12528.87,-25191,-14105,0.4443,0.353
101948,0,64479,165428.86,10835.95,-7966,-1899,0.4595,0.7659
101949,0,36811.72,115302.94,6692.75,-9477,-13854,0.8339,0.3332
101950,0,10518.6,22507.87,1420.71,-21857,-1200,0.2929,0.2176
101951,0,17933.54,34242.61,1845.89,-16982,-1069,0.6262,0
101952,0,36005.9,140734.53,11278.99,-22219,-164,0.4665,0.5053
101953,1,48620.3,125967.5,9285.35,-16897,-35,0.5686,0.2479
101954,0,83781.8,139166.21,7753.37,-9043,-10787,0.4173,0.4604
101955,1,46965.12,173525.41,20704.98,-12607,-8279,0.7106,0.1378
101956,1,79543.02,213817.24,12136.88,-13532,-13244,0.2094,0.6443
101957,0,69675.22,158020.96,12024.35,-10943,-10454,0.5808,0.4047
101958,0,66524.47,174931.36,12435.51,-16957,-8914,0.5552,0.6727
101959,0,64372.54,166036.69,27504.43,-21352,-10175,0.7612,0.5529
101960,0,36470.58,117453.88,11839.14,-11025,-3413,0.5051,0.6375
101961,0,34992.26,129037.57,14587.33,-27586,-12069,0.6493,0.5616
101962,0,60011.04,168611.03,9119.26,-7529,-8609,0.6299,0.4922
101963,0,22216.27,39265.15,2316.31,-20913,-1192,0.4206,0.7533
101964,1,85492.28,208399.64,11791.97,-22625,-14229,0.5332,0.3634
101965,0,66396.24,104061.65,5581.72,-25350,-4595,0.5233,0.1904
101966,0,50119.24,113501.06,6925.45,-10606,-14980,0.7739,0.8545
101967,0,36431.93,143719.16,11902.15,-9350,-11733,0.5978,0.3938
101968,0,68274.84,260712.7,26785.08,-22018,-11689,0.6081,0.6406
101969,0,37073.93,135958.74,9960.13,-9291,-3078,1,0.3887
101970,1,54230.5,200728.58,14666.21,-7374,-956,0.6333,0.5017
101971,0,31083.98,64100.5,3958.43,-21496,-12893,0.6225,0.5553
101972,1,30889.07,101606.4,6621.35,-28381,-6237,0.6563,0.0732
101973,0,56094.45,84442.47,8168.61,-9636,-9732,0.8596,0.5162
101974,0,54774.13,82653.79,10478.65,-14241,-13321,0.7423,0.2613
101975,0,63156.7,171630.33,10229.49,-19124,-14763,0.6177,0.8307
101976,1,39240.29,153982.6,19725.48,-25489,-516,0.4278,0.5862
101977,1,39150.8,154687.91,9180.23,-8632,-8976,0.6214,0.6944
101978,0,94643.28,165490.67,8882.48,-28849,-2378,0.5783,0.3945
101979,0,41678.27,123284.86,6175.21,-13733,-7705,0.1827,0.4667
101980,1,59440.98,174625.22,17231.06,-5949,-3032,0.2418,0.5165
101981,1,30037.31,96658.67,6413.01,-8368,-10807,0.1911,0.5259
101982,0,16709.26,46870.03,3326.8,-14751,-8433,0.8329,0.2584
101983,0,68857.47,254958.56,25009.36,-15706,-1020,0.6737,0.4045
101984,0,36287.87,109568.53,18223.8,-23605,-3406,0.0799,0.205
101985,0,57140.91,111799.19,6594.82,-11955,-12633,0.6434,0.7436
101986,0,68271.68,230699.96,17954.69,-10067,-10366,0.5628,0.4047
101987,0,35457.89,135142.75,11628.99,-26451,-11422,0.4987,0.5909
101988,0,26192.92,68792.48,7257.37,-7580,-6806,0.4011,0.4208
101989,1,51797.97,149742.99,16558.27,-21441,-14623,0.2962,0.6039
101990,0,33185.24,114383.56,7065.94,-21931,-9215,0.7225,0.523
101991,0,32763.42,102926.65,15836.75,-17537,-14418,0.4346,0.6593
101992,0,52679.2,144249.11,8483.9,-27359,-8918,0.5235,0.6319
101993,0,41588.09,153736.27,15677.75,-10153,-8435,0.6674,0.547
101994,1,77394.55,121837.89,6165.51,-5645,-3631,0.657,0.3702
101995,0,28845.62,76419.74,6379.26,-22138,-9980,0.4713,0.361
101996,1,40290.13,136617.28,8236.52,-29373,-13986,0.4419,0.5623
101997,0,135313.34,430028.35,50936.05,-21169,-4104,0.6019,0.2905
101998,0,20454.83,32254.46,1815.97,-14215,-3025,0.3143,0.6819
101999,1,20610.02,62848.27,9648.51,-11832,-13934,0.6112,0.5759
102000,0,31721.78,67999.6,4231.09,-17583,-8396,0.5847,0.5488
102001,1,37723.49,59970.58,4195.44,-28041,-7961,0.6001,0.4642
102002,1,57252.63,223929.28,12149.99,-5636,-9671,0.4944,0.6441
102003,0,19046.11,50358.89,3778.05,-22782,-2099,0.2051,0.512
102004,1,76296.69,245574.27,21831.1,-7024,-4750,0.1487,0.4221
102005,0,62731.7,245693.95,13460.54,-25919,-13070,0.2916,0.3847
102006,0,45777.09,159576.45,9958.84,-8434,-9587,0.6232,0.4262
102007,1,35958.36,130084.66,6732.75,-11971,-12786,0.5196,0.6287
102008,1,31311.71,72178.21,7246.08,-5291,-2575,0.4032,0.4922
102009,0,42729.63,117323.83,6900.98,-25654,-12258,0.3936,0.3522
102010,0,127651.73,260567.46,16495.18,-18481,-12921,0.6603,0.4059
102011,1,50333.41,199910.91,14827.57,-16855,-12481,0.2278,0
102012,0,49980.77,94541.29,9324.13,-19382,-2190,0.6996,0.5054
102013,0,13473.14,38705.82,3046.87,-14989,-11575,0.6399,0.6448
102014,0,60992.36,191439.82,14984.11,-25754,-4366,0.376,0.2227
102015,0,32143.7,83792.12,8437.76,-9824,-12748,0.5305,0.4692
102016,0,43696.51,119690.06,14959.24,-29427,-2991,0.7286,0.3529
102017,0,41243.37,71523.18,5651.09,-5340,-8901,0.8202,0.2923
102018,0,31638.92,77743.87,8076.69,-18117,-5866,0.8478,0.4676
102019,1,81731.89,326822.05,27365,-9499,-14342,0.6242,0.3015
102020,0,85262.08,291955.31,16351.69,-10503,-13784,0.5071,0.4345
102021,0,39863.8,81977.01,5294.06,-15081,-9875,0.6411,0.7147
102022,0,22027.72,34303.52,2729.43,-28805,-1151,0.4984,0.1097
102023,0,29140.21,49325.69,5443.82,-26477,-13296,0.3494,0.3153
102024,1,129087.11,311578.73,29214.25,-27605,-8859,0.7188,0.3641
102025,0,22434.83,85212.73,9091.44,-20638,-4062,0.6889,0.6996
102026,0,45566.07,145651.73,14453.69,-23262,-6905,0.8022,0.6268
102027,0,30025.33,85342.71,5156.39,-18780,-958,0.8833,0.4384
102028,0,24294.9,94217.35,14710.72,-6624,-13909,0.8444,0.2045
102029,0,62497.07,213864.6,16238.92,-18573,-10220,0.7079,0.505
102030,0,56557.22,112876.69,16708.46,-6235,-14276,0.5427,0.4705
102031,1,42746.51,136094.93,15082.66,-20136,-3512,0.5317,0.5504
102032,0,91317.06,162120.73,9405.89,-26787,-4338,0.4674,0.4505
102033,1,53236.68,160869.13,9873.5,-18672,-89,0.3938,0.1694
102034,1,52067.94,169122.71,13292.16,-6020,-1832,0.472,0.3925
102035,1,102998.11,356594.9,36093,-9452,-9753,0.6728,0.7503
102036,1,101819.45,249812.46,13854.53,-19801,-8183,0.6269,0.1159
102037,0,12784.92,33118.71,3072.53,-27681,-11670,0.3089,0.4802
102038,0,27833.66,67891.88,7097.49,-21198,-14656,0.7896,0.7675
102039,0,75846.99,147842.86,9604.78,-14232,-12839,0.8082,0.3594
102040,1,87804.01,143664.56,11421.7,-29378,-11838,0.8466,0.551
102041,0,38177.67,108462.52,5546.7,-28373,-2626,0.3053,0.3539
102042,0,119889.12,403555.5,50386.17,-24873,-7117,0.4674,0.5321
102043,0,71022.87,249554.84,41119.18,-7545,-5784,0.4681,0.1834
102044,0,52472.83,170047.46,9263.82,-20695,-12614,0.4598,0.3258
102045,0,45639.22,128232.55,7689.09,-12008,-14416,0.4371,0.6638
102046,0,67834.05,205227.35,14475.18,-27969,-4551,0.438,0.9073
102047,0,21006.7,31578.22,1848.76,-8247,-10776,0.3559,0.3649
102048,1,37118.08,83369.73,5912.25,-29872,-9699,0.4374,0.5249
102049,0,20300.78,53802.09,2741.33,-17451,-5554,0.4836,0.6928
102050,0,28808.15,61726.73,4131.52,-22445,-2423,0.5887,0.4052
102051,0,45556.9,102788.43,6416.71,-16868,-13957,0.6711,0.4791
102052,1,86041.57,205362.11,18770.18,-13325,-7588,0.7416,0.6014
102053,1,31385.4,103611.86,11742.8,-22958,-9181,0.3898,0
102054,0,61197.93,206378.46,25608.21,-17700,-13136,0.5585,0.5754
102055,0,35540.87,120384.23,7193.63,-23110,-3292,1,0.2761
102056,0,74158.26,163448.69,10296.46,-24454,-11359,0.4576,0.4717
102057,0,56437.49,197659.24,18044.26,-18427,-2795,0.6981,0.3856
102058,0,41736.51,82281.29,4335.59,-14337,-9258,0.4103,0.4347
102059,0,23595.38,79699.82,7366.51,-28237,-8579,0.7631,0.6343
102060,0,52459.76,145430.01,7908.52,-7302,-7524,0.6591,0.5144
102061,1,75663.15,127593.28,10032.03,-23641,-12115,0.3664,0.3475
102062,0,13937.96,28883.82,2049.45,-6442,-6818,0.755,0.4728
102063,0,21517.41,85333.3,4705.45,-8346,-11053,0.7751,0.6295
102064,0,34859.33,59834.74,5049.11,-12498,-14374,0.7266,0.5557
102065,1,134993.24,504695.41,46663.59,-19132,-11117,0,0.1585
102066,0,33932.02,116292.34,8195.37,-24962,-6832,0.5788,0
102067,0,36496.11,124014.5,17520.37,-25185,-2536,0.854,0.5258
102068,1,43542.8,164004.34,11675.71,-22733,-10331,0.5157,0.377
102069,1,67160.32,106635.61,10063.79,-13781,-10565,0.4184,0.531
102070,0,29137.08,93737.56,5083.27,-26184,-9728,0.5191,0.5128
102071,1,43777.01,89653.75,13474.42,-8237,-11833,0.0734,0.3567
102072,1,24141.62,64155.93,4084.3,-11820,-54,0.3223,0.5246
102073,0,102899.49,258916.91,20137.19,-27750,-780,0.5325,0.5654
102074,0,78376.57,243870.05,16847.7,-5680,-14017,0.7171,0.6428
102075,1,56466.57,103216.31,5764.7,-14188,-14604,0.5924,0.47
102076,0,45459.25,140403.79,7409.6,-27913,-13308,0.6783,0.2751
102077,1,38958.89,68726.26,10968.02,-12243,-11129,0.3436,0.4103
102078,0,37756.95,133791.3,12490.37,-21989,-11737,0.8472,0.2026
102079,0,65002.87,136347.88,7372.19,-16294,-9932,0.7881,0.4775
102080,1,31887.62,108645.14,11446.95,-8204,-4627,0.6734,0.1633
102081,0,53833.47,161456.83,14502.75,-14503,-5838,0.5154,0.873
102082,0,69951.4,110205.63,6567.85,-24670,-9189,0.7223,0.0744
102083,0,85454.12,304587.96,25453.52,-24241,-4800,0.426,0.4256
102084,0,56891.88,132924.55,7424.31,-15450,-6445,0.3744,0.8548
102085,0,44053.64,134701.23,8183.45,-21806,-2323,0.1043,0.2325
102086,1,31358.69,69796.56,6148.43,-9254,-9891,0.5887,0.2802
102087,0,41292.58,160226.16,8936.71,-27312,-5427,0.0875,0.0386
102088,1,30080.21,59129.34,8285.18,-9903,-7715,0.5451,0.1461
102089,0,94254.1,270597.48,30208.02,-16291,-9045,0.6383,0.241
102090,0,50778.63,194054.46,20974.75,-14556,-7648,0.7079,0.1328
102091,0,50299.63,111964.68,9839.25,-18836,-3717,0.7544,0.5252
102092,0,106835.32,391984.74,36572.15,-26250,-6595,0.6731,0.7445
102093,1,120137.11,392262,21907.37,-12372,-4723,0.3781,0.2791
102094,0,34196.93,80502.34,5539.89,-29882,-1338,0.7281,0.2244
102095,1,43038.82,155534.84,13010.15,-23402,-1308,0.5627,0.6838
102096,0,66065.02,173877.81,11235.03,-14200,-8223,0.1771,0.1559
102097,0,33724.51,51939.01,3780.14,-8053,-3006,0.5274,0.5198
102098,1,64639.59,172807.32,12110.61,-13486,-3954,0.1933,0.6044
102099,0,64400.76,122621.16,14769.63,-17387,-12248,0.3393,0.8607
102100,0,14632.82,25413.1,1718.15,-20261,-4516,0.4261,0.5436
102101,0,40931.42,87017.46,7581.92,-21283,-511,0.4326,0.2841
102102,0,20924.24,52830.46,7206.87,-26410,-14109,0.7354,0.7193
102103,0,84592.35,306822.56,24675.54,-24056,-7502,0.5369,0.126
102104,0,80218.32,262915.56,13697.47,-15690,-7177,0.3626,0.5592
102105,0,48022.92,132777.08,11912.97,-11534,-4509,0.4232,0.4682
102106,1,58330.06,196431.39,31283.16,-26871,-8321,0.435,0
102107,0,25584.33,53187.44,4215.4,-14149,-7651,0.5876,0.4364
102108,0,37569.94,137426.19,20211.36,-5077,-3744,0.6579,0.5296
102109,0,38194.32,98529.44,6875,-12682,-12617,0.4658,0.4532
102110,0,49391.15,161394.11,24871.86,-29484,-7514,0.4821,0.7584
102111,0,38609.28,146418.38,15935.91,-23944,-5594,0.6536,0.3598
102112,1,78697.81,162523.79,9366.6,-5827,-1895,0.3761,0.1725
102113,0,37937.2,59074.19,3109.18,-24559,-5995,0.5179,0.3934
102114,0,88338.11,262397.51,21157.44,-20061,-9525,0.5215,0.4847
102115,1,47286.19,159147.19,14310.62,-14124,-5230,0.397,0
102116,0,34823.59,83771.39,5118.95,-9262,-7787,0.418,0.3736
102117,0,50202.07,108561.45,6727.53,-11747,-4251,0.4885,0.5777
102118,0,40321.08,101660.25,8602.08,-16633,-4654,0.3736,0.4313
102119,0,37293.68,110205.1,11027.03,-14756,-10857,0.5309,0.5685
102120,0,23164.41,71640.26,9915.34,-22659,-8698,0.2948,0.7574
102121,1,21435.15,70749.26,7236.17,-6276,-7237,0.6251,0.085
102122,0,24331.05,66554.21,5907.51,-5478,-9281,0.4562,0.734
102123,0,42425.3,169539.7,21624.88,-6470,-5472,0.7098,0.5949
102124,0,98144.73,162877.32,20436.36,-20119,-9797,0.6353,0.7272
102125,1,40210.87,90591.45,10090.39,-7480,-6499,0.4476,0.5845
102126,0,50831.55,197251.56,12223.61,-27788,-10381,0.4805,0.4683
102127,0,37896.33,66559.51,6936.89,-26496,-7503,0.6719,0.8306
102128,1,60732.41,171342.03,21893.85,-5362,-4414,0.6971,0.4083
102129,1,53639.12,89533.01,5050.98,-24612,-13667,0.6453,0.0509
102130,0,67805.26,191792.34,13006.5,-20728,-9452,0.6157,0.4603
102131,1,38690,130169.62,12575.41,-9647,-1221,0.1937,0.062
102132,0,92766.13,290536.08,19341.76,-22113,-10795,0.5739,0.7294
102133,0,28606.05,49537.11,6298.5,-23536,-8303,0.2663,0.1626
102134,1,74111.53,154236.91,9276.95,-5270,-11919,0.5652,0.6899
102135,1,49734.35,132999.69,10799.28,-14942,-3281,0.4178,0.3056
102136,0,91122.4,322269.97,32291.68,-10688,-1639,0.5289,0.3788
102137,0,31556.67,74603.51,5120,-21465,-8075,0.314,0.7474
102138,0,24863.36,98587.41,5586.12,-25429,-158,0.5171,0.5455
102139,0,37485.47,133277.17,6717.54,-27157,-8766,0.8539,0.176
102140,1,89198.21,233531.83,31699.03,-14622,-5979,0.915,0.4146
102141,1,79216.13,316145.19,17414.58,-19703,-12358,0.0523,0.3835
102142,0,36533.55,137367.6,9631.01,-29848,-5156,0.2191,0.272
102143,0,79327.14,129645.38,15541.42,-24681,-5801,0.2658,0.5781
102144,0,68906.95,244575.49,24911.23,-26713,-11496,0.2947,0.9775
102145,0,34727.48,54720.72,3863.98,-24567,-3298,0.9658,0.2299
102146,0,26401.33,66342.01,6960.52,-18770,-1851,0.7531,0.4084
102147,0,38979.15,101222.94,7243.14,-27396,-12903,0.5281,0.9852
102148,0,67970.11,152065.4,10389.26,-8293,-11614,0.7463,0.4919
102149,1,54569.09,176513.75,9954.9,-25813,-1170,1,0.3811
102150,0,105228.86,162619.63,13256.54,-29226,-1356,0.6774,0.4491
102151,0,27235.07,95377.87,7061.43,-26319,-14813,0.9051,0.1163
102152,1,61098.2,142077.21,9022.22,-12776,-893,0.3205,0.4211
102153,0,53509.33,116258.78,16332.25,-12457,-1083,0.3341,0.233
102154,1,76730.26,166088.42,19941.56,-13778,-13206,0.7636,0.2007
102155,1,38843.29,112865.72,11715.16,-15236,-12435,0.7284,0.4942
102156,0,75544.04,118367.56,6012.37,-18433,-2094,0.724,0.3014
102157,1,31938.99,109163.52,16015.74,-23950,-14221,0.6472,0.5513
102158,0,35053.68,112861.61,6591.17,-7849,-396,0.4558,0.5393
102159,0,81750.84,146289.85,20613.94,-15952,-487,0.7399,0.5242
102160,0,56744.82,130200.89,13888.25,-22005,-5612,0.9195,0.4764
102161,0,42563.45,84084.4,4505.57,-24789,-739,0.7981,0.5541
102162,1,65428.42,229434.82,15287.33,-8437,-12909,0.2738,0.2277
102163,1,87903.76,219443.54,12174.52,-15195,-13670,0.6449,0.1938
102164,0,49064.92,137389.29,14672.62,-21942,-12626,0.5525,0.2921
102165,0,26661.59,70471.41,6333.88,-23781,-3748,0.5674,0.6772
102166,0,43252.81,85788.27,7302.15,-24912,-968,0.5135,0.4418
102167,1,17578.01,69174.21,4453.12,-6186,-9312,0.2969,0.4174
102168,0,11822.93,18815.72,1522.83,-16735,-240,0.6163,0.4055
102169,0,39523.65,103104.59,7741.08,-13492,-14999,0.8203,0.4706
102170,1,65900.96,191082.83,11944.23,-6541,-9521,0.8773,0.5548
102171,0,72550.09,129090.71,9413,-20019,-6594,0.646,0.4564
102172,1,24245.93,36505.41,3844.47,-12210,-1508,0.4027,0.6461
102173,0,34666.45,64078.26,3426.47,-29735,-8332,0.4334,0.7019
102174,0,13314.12,41034.7,5211.9,-7836,-3147,0.4277,0.665
102175,0,37679.66,130158.28,9818.55,-12109,-1042,0.6707,0.4853
102176,0,62352.2,98667.87,5720.14,-9363,-13634,0.5028,0.7328
102177,0,76182.41,276641.62,23358.06,-22861,-10399,1,0.4822
102178,0,31007.38,75373.24,5326.48,-6646,-6444,0.4963,0.4935
102179,1,131557.48,421741.01,39294.86,-27654,-766,0.5796,0.4751
102180,0,39498.53,93748.32,6971.06,-12176,-13320,0.5086,0.5951
102181,1,78738.74,216772.94,13364.2,-10564,-11721,0.4215,0.3239
102182,1,127269.25,205545.73,31855.01,-29630,-13933,0.7195,0.2901
102183,0,65003.61,102060.53,6130.84,-6497,-692,0.4445,0.7766
102184,0,33161.76,94254.76,5307.71,-18620,-8292,0.5505,0.1786
102185,0,18081.78,51342.08,4029.73,-12910,-1710,0.4936,0.7077
102186,1,29437.61,77139.76,8556.12,-10386,-5803,0,0.1272
102187,0,19851.75,43376.31,4162.73,-22672,-2932,0.6802,0.8122
102188,0,40821.38,116073.4,9009.27,-16683,-8078,0.5816,0.4385
102189,0,36588.34,118378.31,10183.02,-9414,-11593,0.3793,0.933
102190,0,136217.46,250830.51,35404.11,-6492,-13358,0.8226,0.518
102191,1,59745.9,148469.94,10417.87,-10998,-13834,0.2974,0.3283
102192,0,53799.79,198967.31,29599.09,-11325,-1177,0.1944,0.6252
102193,1,34470.54,96488.2,9139.26,-24024,-12923,0.4126,0.5028
102194,0,68084.07,259820.78,32795,-5469,-2356,0.3131,0.5915
102195,0,10394.77,30595.86,1966.9,-17348,-974,0.7079,0.5004
102196,0,49675.89,75937.66,7218.35,-10294,-6958,0.5672,0.7272
102197,0,18444.79,59576.02,3206.33,-27279,-5497,0.476,0.6411
102198,0,19880.02,37832.97,2211.65,-23814,-4735,0.5519,0.3705
102199,1,78705.3,189796.76,12908.45,-5822,-3975,0.3598,0.4975
102200,0,29315.32,58554.09,4266.56,-17513,-6608,0.5863,0.7782
102201,1,35700.26,113480.7,13150.9,-18247,-1188,0.5881,0.489
102202,0,34711.55,73515.61,9127.36,-9659,-6915,0.5357,0.699
102203,0,43751.81,124091.68,7443.22,-17646,-7426,0.5494,0.6713
102204,0,124727.3,214148.19,12763.62,-22975,-12131,0.3284,0.4981
102205,0,63457.85,120072.92,8550.16,-24157,-11797,0.737,0.6156
102206,1,33559.9,133290.83,7419.68,-6431,-10793,0.2528,0.3405
102207,0,35668.8,117943.8,6559.52,-27609,-9618,0.9957,0.4403
102208,0,69886.68,118089.16,8236.87,-23628,-8974,0.8748,0.8371
102209,0,17969.67,43712.04,3789.46,-24722,-14106,0.654,0.5007
102210,0,51916.27,163806.01,20571.71,-9190,-5124,0.2796,0.7006
102211,0,78196.58,268504.34,37842.86,-12042,-7388,0.6352,0.3657
102212,1,24383.76,71431.11,4658.45,-20433,-2508,0.2174,0
102213,1,39247.03,129250.91,16110.98,-21090,-5134,0.496,0.2695
102214,0,46822.8,88470.96,8566.01,-5368,-405,0.7082,0.4024
102215,0,13679.91,38370.49,2759.24,-29475,-8558,0.7181,0.2064
102216,1,73874.11,112311.17,9006.47,-13563,-10016,0.5566,0.6188
102217,1,54231.45,125960.76,7005.27,-13012,-4882,0.5024,0.4483
102218,1,16965.57,62359.02,3184.43,-15063,-11802,0.6027,0.2568
102219,0,21914.93,62650.06,7484.19,-11379,-8632,0.2316,0.6666
102220,0,40382.09,72128.93,4712.8,-21615,-2407,0.4748,0.3849
102221,0,37128.12,61874.54,4522.02,-22120,-6096,0.9125,0.2181
102222,1,27949.85,91582.4,4661.53,-26958,-3392,0.2024,0.428
102223,0,20695.17,46044.96,2604.23,-29803,-8249,0.8758,0.4813
102224,0,82695.88,147903.61,11879.05,-5901,-889,0.6556,0.9266
102225,1,49276.36,153012.79,13815.79,-5754,-3151,0.4779,0.5031
102226,0,97082.77,356869.59,52461.11,-18830,-10529,0.9975,0.3768
102227,1,26515.97,87622.15,8662.57,-7970,-8865,0.542,0.252
102228,0,39439.31,142785.77,10571.43,-21831,-4408,0.9288,0.4829
102229,0,58446.99,190101.36,12155.64,-13909,-13606,0.555,0.3833
102230,0,54563.81,170244.09,14411.79,-5571,-2046,0.6607,0.6156
102231,0,54888.81,160150.03,16045.47,-10252,-326,0.4351,0.5039
102232,0,48486.14,102334.25,5388.15,-14670,-2052,0.3643,0.741
102233,1,34388.76,87373.74,13823.37,-27038,-3016,0.1499,0.4945
102234,0,34467.68,111759.29,13933.63,-18911,-3386,0.4256,0.1715
102235,0,50281.63,83714.3,5239.39,-13614,-7626,0.6954,0.2744
102236,1,32625.89,62779.62,5669.48,-29626,-9192,0.3296,0.4456
102237,1,52884.15,164786.82,13748.63,-28964,-2456,0.3181,0.5704
102238,0,15121.09,28017.27,1873.28,-10649,-3438,0.4622,0.9395
102239,0,29287.16,92128.54,11929.11,-7371,-12347,0.5818,0.5832
102240,0,45507.83,124847.1,10566.51,-27497,-10261,0.4511,0.5673
102241,1,28862.54,89240.95,8704.13,-16854,-6490,0.7925,0.1964
102242,0,48693.63,133584.2,16743.29,-17195,-12074,0.6085,0.5217
102243,1,123166.49,221139.2,32923.91,-16385,-10193,0.5428,0.1873
102244,1,105532.89,332620.14,30545.61,-15954,-2637,0.3295,0.3339
102245,0,29371.53,74281.36,9574.61,-27329,-7939,0.3629,0.623
102246,0,43233.53,147884.4,12120.26,-26160,-1943,0.6422,0.6409
102247,0,38006.14,68428.78,4461.18,-9389,-452,0.4835,0.367
102248,0,28941.54,54034.8,3509.72,-8728,-6348,0.7712,0.3383
102249,0,48034.14,98210.79,7773.66,-13995,-907,0.2233,0.3959
102250,1,46285.86,112849.36,6475.22,-6796,-8930,0.617,0.8286
102251,1,34181.62,106192.67,8513.84,-22535,-9181,0.4451,0
102252,1,31618.03,74407.26,4094.86,-10228,-3370,0.8427,0.4235
102253,1,48598.08,77251.4,8445.81,-12737,-6675,0.6354,0.6712
102254,1,35057.97,70110.06,5169.19,-23767,-6626,0.345,0.4174
102255,1,16641.39,52115.92,3581.01,-25966,-12291,0.2884,0.2138
102256,1,39958.64,70124.75,7766.67,-7364,-3808,0.5959,0.5802
102257,0,38457.21,61213.99,4620.72,-21185,-12365,0.4886,0.6255
102258,1,38472.09,131293.33,8468.11,-25401,-8131,0.5332,0.2047
102259,0,36875.35,91819.66,4720.74,-22439,-571,0.5169,0.3874
102260,0,27710.12,102329.59,13711.3,-20616,-9131,0.681,0.5818
102261,1,27826.91,66619.69,8641.92,-18328,-6651,0.335,0.2952
102262,0,18148.25,57563.74,4465.76,-28435,-3267,1,0.4417
102263,1,67235.04,110607,8349.17,-24996,-10661,0.6088,0.4019
102264,0,22359.27,45995.16,2834.01,-15008,-3511,0.4427,0.4156
102265,0,40260.99,143834.97,10697.66,-29342,-11447,0.521,0.4156
102266,0,11646.96,45256.16,4213.11,-20251,-8592,0.6584,0.7072
102267,0,35931.47,75855.76,3799.04,-19106,-11617,0.6768,0.6699
102268,1,53368,168383.87,27287.54,-20933,-12797,0.195,0.5448
102269,1,25154.54,83814.26,5098,-13858,-10556,0.1368,0.4076
102270,1,32017.73,56268.91,2832.15,-23507,-5205,0.532,0.1177
102271,1,68648.37,180661.83,12465.1,-17592,-14626,0.7174,0.2631
102272,0,29243.19,109834.09,6346.65,-20058,-4363,0.5832,0.6725
102273,0,71982.95,256516.58,15163.04,-19913,-1142,0.7551,0.2702
102274,0,73560.32,246621.91,16327.58,-14275,-13600,0.6306,0.3877
102275,0,69598.64,265075.67,31422.55,-17441,-1315,0.6323,0.6684
102276,1,52706.92,179139.05,12512.69,-11594,-3052,0.886,0.1891
102277,0,67726.02,172912.03,13559.35,-29251,-2254,0.3376,0.7987
102278,0,43692.95,119580.7,8887.26,-20465,-3728,0.3918,0.4277
102279,1,102517.11,360087.4,19847.35,-19276,-12597,0.6277,0
102280,1,58225.78,126892.92,11064.2,-24786,-7331,0.6008,0.2433
102281,1,39045.82,154027.26,11142.47,-19059,-14520,0.1126,0.3937
102282,0,88792.05,304120.88,22103.78,-9866,-10955,0.6576,0.7272
102283,0,46751.66,168865.87,26791.67,-29393,-7660,0.292,0.6637
102284,0,61877.48,199821.91,14208.57,-13170,-8072,0.3049,0.5927
102285,0,22122.23,70597.61,4273.88,-15945,-2557,0.8954,0.5311
102286,1,58430.69,189264.08,24475.47,-17453,-5673,0.7821,0.4302
102287,0,76470.19,245716.69,19891.7,-19664,-2009,0.4004,0.3481
102288,0,43536.99,71886.18,5775.59,-8319,-6330,0.8833,0.2295
102289,0,103879.19,230641.35,27914.6,-26017,-12128,0.4441,0.6525
102290,0,27533.88,108924.71,6012.47,-26341,-4728,0.7557,0.4718
102291,0,59003.73,110609.05,6328.31,-18491,-9362,0.8253,0.646
102292,0,59426.82,214627.23,16035,-7750,-10412,0.8162,0.9112
102293,0,69540.38,141835.82,7918.58,-15477,-9363,0.8009,0.5369
102294,0,121006.18,214163.53,32138.11,-5329,-713,0.4925,0.4195
102295,1,46420.37,106576.11,7527.6,-13211,-221,0.4407,0.652
102296,0,63420.07,122600.52,8965.2,-9118,-12879,0.8008,0.3612
102297,0,52151.6,109177.16,10321.48,-10535,-269,0.5357,0.5378
102298,0,15322.86,56452.84,4308.48,-21873,-10290,0.4135,0.8297
102299,0,33735.65,101284.63,6278.31,-26325,-9103,0.345,0.3278
102300,1,26504.24,74346.65,4124.35,-26854,-8284,0.8103,0.2624
102301,0,31209.12,74646.01,4030.16,-8147,-14687,0.7016,0.2366
102302,0,27161.2,84650.42,7438.49,-14810,-11033,0.8459,0.6979
102303,1,41126.39,75178.85,6551.73,-18848,-7296,0.4261,0.5695
102304,0,46406.15,120196.85,14775.8,-21907,-11842,0.6019,0.7044
102305,1,26486.25,56783.61,3699.31,-14490,-10989,0.3327,0.6002
102306,0,54944.64,117622.58,17801.51,-19954,-1987,0.5672,0.4946
102307,0,81412.51,211134.23,16455.78,-6913,-8797,0.3808,0.4981
102308,0,27813.63,86516.98,6694.26,-24880,-6810,0.6278,0.4665
102309,0,52291.56,122716.34,6677.54,-16022,-1059,0.5425,0.3135
102310,1,57333.8,124978.15,6274.88,-13705,-104,0.8391,0.4755
102311,0,25464.52,43981.15,3042.94,-26159,-13368,0.6134,0.3892
102312,0,33120.56,89393.14,12932.36,-14050,-12120,0.4692,0.5906
102313,0,38203.24,57773.86,2951.01,-21389,-13500,0.202,0.2371
102314,1,41512.37,147910.97,14045.6,-20321,-6314,0.4594,0.2222
102315,1,59073.3,163742.47,12461.35,-10522,-14351,0.4328,0.763
102316,0,38769.25,97092.89,7709.15,-23821,-6980,0.7796,0.4167
102317,0,45807.21,172085.74,9230.51,-23311,-1171,0.6415,0.7113
102318,1,33287.39,83631.41,4549.67,-15661,-10251,0.4324,0.6562
102319,1,54990.49,218747.03,16123.86,-21426,-3038,0.5956,0.2891
102320,0,24037.12,80184.32,6047.63,-7785,-14204,0.5768,0.2625
102321,1,119068.71,185803.96,15108.13,-18526,-14851,0.6159,0.3296
102322,0,14831.78,32213.7,3269.92,-13006,-4000,0.4905,0.0504
102323,0,34643.16,67373.72,6091.72,-20445,-488,0.787,0.5145
102324,0,20244.46,78859.8,6955.98,-28676,-4232,0.8119,0.3445
102325,1,72508.18,257818.47,22457.54,-12372,-4980,0.3159,0.1656
102326,0,37196.48,143307.14,17508.44,-23906,-13367,0.7492,0.2793
102327,0,24616.84,70250.06,10024.23,-11065,-11405,0.4006,0.6928
102328,0,23310.79,64066.66,5646.91,-11998,-6845,0.5944,0.6792
102329,1,45529.72,113686.07,13224.1,-5789,-9214,0.7502,0.6877
102330,0,18097.77,33433.63,2975.31,-28406,-535,0.6488,0.3156
102331,0,32798.94,109988.03,7931,-10345,-9233,0.5483,0.7594
102332,1,57441.85,132222.7,7066.03,-6979,-13446,0.5692,0.2755
102333,0,168019.15,590173.95,60914.83,-19054,-3052,1,0.5804
102334,0,34028.88,67421.51,4920.72,-17145,-5779,0.8373,0.4146
102335,0,38000.31,119727.35,10520.79,-17719,-11980,0.5521,0.734
102336,0,157029.72,413310.95,30887.13,-20933,-10916,0.4858,0.5891
102337,1,65789.27,117735.41,6193.3,-21662,-1098,0.9183,0.1408
102338,0,112879.34,179294.85,9436.28,-10110,-9940,0.568,0.742
102339,0,23709.99,92193.4,5301.38,-7203,-4382,0.6306,0.3819
102340,0,43376.05,140916.9,7190.85,-11086,-4048,0.8119,0.3103
102341,1,53483.38,151485.44,23107.56,-14518,-6168,0.4273,0.3825
102342,0,41756.33,68352.71,5629.8,-19070,-14074,0.4629,0.2069
102343,0,26275.94,105090.45,5772.68,-17730,-2790,0.4736,0.3519
102344,1,37816.45,75977.92,6831.42,-14972,-3738,0.5843,0.1997
102345,1,11065.44,30962.12,4177.72,-10359,-12172,0.0667,0.7418
102346,0,37065.99,84949.9,6500.39,-19802,-10255,0.4664,0.4348
102347,0,90265.1,313676.1,23585.39,-26325,-7313,0.6914,0
102348,1,57562.75,161600.77,16990.55,-16161,-3634,0.6124,0.2031
102349,1,47856.33,153552.26,9194.22,-7580,-11591,0.6201,0.3863
102350,0,31416.59,50597.29,2561.4,-16756,-7913,0.2326,0
102351,0,23374.47,54635.09,6432.01,-22654,-8337,0.5933,0.0278
102352,0,65506.9,112705.95,6764.97,-26025,-8377,0.5271,0.1087
102353,0,142772.87,542417.25,38939.45,-11655,-5142,0.5541,0.6472
102354,0,34228.99,70815.4,7082.03,-23493,-5380,0.7286,0.5036
102355,0,30421.63,96803.78,5456.3,-19489,-11828,0.8396,0.4086
102356,0,44408.14,110991.96,11006.16,-25781,-3800,0.4996,0.166
102357,1,35920.9,69394.63,5424.67,-27932,-14676,0.4305,0.3544
102358,1,58608.53,150742.53,14660.99,-19570,-11478,0.5005,0.2102
102359,1,33572.53,67375.79,3418.5,-19904,-11604,0.7049,0.4723
102360,1,109010.76,307989.81,16376.95,-19888,-10533,0.5263,0.5591
102361,1,29957.86,51394.91,3211.1,-17783,-12212,0.4665,0.4109
102362,0,77555.88,128962.51,10417.07,-21716,-10434,0.5395,0.511
102363,0,55805.6,98759.23,7780.75,-29086,-7356,0.8208,0.6634
102364,0,34726.54,96577.58,14668.42,-8054,-3413,0.3659,0.4566
102365,0,63010.49,183337.54,19962.77,-14110,-13384,0.4878,0.2429
102366,1,52068.35,84455.45,8981.58,-22967,-4591,0.3388,0.8278
102367,0,100603.85,184216.51,13788.15,-14149,-8360,0.9977,0.4986
102368,0,53119.8,111194.15,11890.93,-24880,-2676,0.4554,0.3533
102369,0,70651.52,245758.93,24466.33,-15651,-9637,0.7312,0.4205
102370,1,40371.72,105861.5,5456.46,-5021,-8814,0.5576,0.4999
102371,0,29509.78,72851.05,6141.17,-17217,-8989,0.5149,0.4206
102372,1,78839.95,208838.93,18058.89,-9110,-11807,0.4777,0.31
102373,1,39328.97,129091.7,8963.04,-23488,-4630,0.3893,0.5808
102374,0,39562.04,106260.6,8694.14,-15893,-14581,0.8183,0.4315
102375,1,24906.52,51873.78,2706.13,-10815,-11128,0.6752,0.3267
102376,1,53688.09,193213.25,10209.02,-29929,-12669,0.5562,0.077
102377,0,51793.07,80997.25,9277.58,-24115,-1015,0.331,0.3388
102378,0,44892.79,84104.89,13208.5,-27251,-1829,0.4527,0.5247
102379,0,48052.65,149598.38,10944.34,-12255,-5915,0.7406,0.5795
102380,0,30369.6,87409.4,6008.45,-21423,-1042,0.3511,0.1951
102381,0,44101.06,124212.74,17262.79,-5527,-1672,0.4356,0.7523
102382,1,74731,198219.33,11951.15,-19042,-13258,0.7066,0.2363
102383,0,25427.18,93121.95,5414.96,-17787,-1193,0.6263,0.328
102384,0,52623.86,188166.5,15090.21,-25117,-14992,0.43,0.4854
102385,0,13677.49,31407.14,1609.02,-12754,-9430,0.8805,0.5336
102386,0,148844.87,593327.51,70384.37,-6403,-8836,0.3118,0.4458
102387,0,30319.93,58027.87,7482.45,-21072,-1166,0.8331,0.3315
102388,1,13836.9,49637.07,2876.16,-26764,-3724,0.7128,0.1003
102389,0,51079.95,90933.87,8667.43,-28142,-7056,0.1305,0.2386
102390,0,55791.33,139444.9,14238.24,-5694,-2797,0.614,0.5029
102391,1,43155.61,150912.96,7664.23,-9164,-5792,0.7102,0.5206
102392,0,87802.93,283921.14,19395.79,-25916,-4657,0.3917,0.4993
102393,1,83533.1,162946.13,15015.28,-5879,-979,0.5479,0.436
102394,0,45294.23,84995.62,4428.22,-5167,-1617,0.2253,0.4474
102395,1,69485.74,169149.2,10780.5,-6563,-619,0.3685,0.4705
102396,0,127272.6,226461.2,13034.15,-29645,-7933,0.5774,1
102397,1,24906.39,64053.48,4677.55,-5079,-10221,0.6042,0.4511
102398,1,75327.28,261677.46,22122.26,-20043,-1797,0.5353,0.2452
102399,1,31670.81,56072.44,5178.13,-5629,-9867,0.3951,0.6615
102400,0,63592.14,168386.26,24296.68,-25118,-1581,0.6688,0.742
102401,0,46312.24,69886.57,5264.98,-24331,-5274,0.8155,0.6177
102402,0,49578.28,144416.72,22264.61,-27435,-3403,0.4298,0.4259
102403,0,51981.7,123803.25,17614.8,-24257,-3931,0.5613,0.1362
102404,0,49752.84,106910.48,7566.38,-6525,-4195,0.4438,0.604
102405,1,62018.69,184784.04,10287.03,-12226,-1071,0.5338,0.6781
102406,0,65084.48,177616.37,27570.68,-9865,-12724,0.5822,0.2108
102407,1,47376.38,107510.66,14233.71,-12010,-2588,0.5296,0.2404
102408,0,65730.99,109745.93,7019.84,-19515,-14377,0.4791,0.3132
102409,1,68749.16,215030.35,20374.34,-14279,-965,0.4558,0.2682
102410,0,34357.97,57732.2,3851.34,-10176,-522,0.5568,0.4443
102411,0,154884.79,429584.27,30463.27,-25759,-13759,0.5099,0.0606
102412,1,23020.46,59655.68,8040.03,-8653,-4878,0.4411,0.4789
102413,0,40311.35,129505.33,7836.61,-22517,-439,0.6255,0.378
102414,0,35523.11,62944.96,6207.56,-5710,-5994,0.6307,0.7145
102415,0,16517.21,27251.1,2533.52,-20578,-1054,0.584,0.2384
102416,0,121156.38,451185.66,27583.94,-10545,-8934,0.3298,0.8223
102417,0,34507.94,85804.27,7874.46,-13240,-10611,0.6305,0.4154
102418,0,30395.5,78584.16,9455.27,-13600,-1870,0.6352,0.4713
102419,0,16385.61,52647.48,6319.88,-13059,-721,0.4934,0.2875
102420,1,91166.29,272727.72,17232.29,-9727,-10921,0.6607,0.0836
102421,1,28227.1,81759.83,4196.05,-6904,-12925,0.8029,0.1388
102422,0,67343.4,123698.33,16488.63,-28519,-7874,0.6156,0.4729
102423,0,43818.1,164856.78,11701.62,-5022,-8703,0.703,0.4449
102424,0,100967.84,165705.44,14131.21,-7487,-14569,0.8065,0.707
102425,0,15577.34,52445.35,5424.72,-18579,-13910,0.8818,0.4266
102426,0,34959.01,123262.37,7912.68,-23643,-2559,0.4539,0.7072
102427,0,25746.49,85653.46,10790.92,-6136,-7037,0.4684,0.7899
102428,0,82437.41,153997.03,9842.84,-19940,-8307,0.4842,0.504
102429,0,69417.15,240615.83,13209.51,-11301,-9272,0.7702,0.6469
102430,1,28063.33,92421.57,5286.66,-14647,-6028,0.6663,0.3706
102431,1,116045.12,340693.91,24565.47,-16579,-10595,0.7416,0.1368
102432,1,60751.04,190155.97,20494.86,-11141,-5484,0.6103,0.4094
102433,0,24962.81,56445,5289.62,-21573,-8928,0.4923,0.414
102434,1,31673.13,74071.88,3711.45,-17392,-3477,0.2588,0.2118
102435,1,61665.5,218535.13,15322.44,-20658,-8886,0.2091,0.4272
102436,0,72391.35,250536.23,15564.29,-6483,-14153,0.9522,0.753
102437,1,19318.76,58360.07,3169.81,-12702,-9480,0.5508,0.365
102438,0,28729.03,88457.43,5713.49,-24328,-4360,0.6616,0.8143
102439,0,21657.24,84270.73,4556.97,-11606,-4559,0.6889,0.2504
102440,0,22735.74,90247.21,5992.92,-26135,-3319,0.8393,0.1836
102441,0,73823.44,223947.01,18320.18,-24721,-5854,0.6767,0.1554
102442,1,41389.58,108383.25,6058.11,-8959,-14397,0.5553,0.5208
102443,0,64563.36,115887.48,6370.43,-24942,-14304,0.6986,0.3963
102444,1,18161.04,53157.04,2920,-10858,-4780,0.6195,0.4757
102445,0,20927.92,69083.42,10213.94,-9302,-9614,0.4243,0.6434
102446,0,112406.33,263726.57,14266.92,-19038,-2902,0.7417,0.7235
102447,0,46016.42,70848.22,7954.03,-9337,-11206,0.5829,0.3541
102448,0,79602.76,140908.17,13458.5,-28415,-10814,0.5431,0.7805
102449,0,33685.19,74611.1,4930.21,-16606,-5230,0.3659,0.4208
102450,0,50694.42,148989.43,13897.89,-25547,-9317,0.7796,0.3834
102451,1,42340.18,136154.66,16501.36,-28491,-12595,0.472,0.1787
102452,0,58445.42,99316.63,11633,-13454,-11130,0.5301,0.2416
102453,1,95372.19,252301.35,25995.56,-18552,-11260,0.5444,0.4315
102454,1,32611.23,95319.91,8894.85,-19123,-1361,0.5386,0.4939
102455,1,80090.99,317585.19,35730.39,-11314,-6306,0.6611,0.2541
102456,0,73999.19,233641.55,17550.24,-29228,-4469,0.7304,0.671
102457,0,37732.01,108687.86,7754.66,-8265,-9202,0.6573,0.7049
102458,1,25556.73,52424.27,2649.04,-6074,-6525,0.2558,0.0624
102459,1,97092.72,302696.36,25297.83,-19476,-3809,0.0681,0.3073
102460,0,23412.55,45973.29,4637.5,-26335,-7822,0.477,0.594
102461,1,34709.64,80033.4,6779.59,-19975,-12288,0.5137,0.6433
102462,0,19564.78,77897.18,3953.64,-14997,-11263,0.5202,0.4894
102463,0,49768.2,100823.19,11451.27,-5510,-4719,0.2715,0.4275
102464,0,30618.68,84880.63,4592.68,-19128,-14019,0.4141,0.4624
102465,1,45331.05,158079.05,9826.78,-24062,-11066,0.1862,0.54
102466,0,24374.18,90978.61,6968.14,-10634,-2596,1,0.4882
102467,0,116885.82,370234.8,20738.63,-20079,-14090,0.6593,1
102468,1,36344.11,83841.39,4322.43,-6982,-12415,0.5488,0.2995
102469,0,29993.55,83888.52,5827.06,-25525,-14625,0.172,0.3143
102470,1,50174.88,197038.77,10063.71,-10676,-12658,0.4966,0.5852
102471,0,50601.51,117911.32,15035.89,-16394,-2905,0.7141,0.6734
102472,1,38974,83020.71,4251.85,-15675,-3424,0.7056,0.4703
102473,1,13082.62,42807.12,2607.04,-11929,-3873,0.6408,0.4643
102474,0,44206.22,121565.44,6205.73,-23186,-11332,0.832,0.4222
102475,0,32587.98,114793.74,5832.48,-18711,-10393,0.1878,0.6988
102476,0,19603.97,45356.87,6983.66,-7999,-2944,0.3295,0.3715
102477,1,129850.65,358537.86,33868.14,-8954,-4014,0.5462,0.3887
102478,1,64046.28,153476.98,15782.8,-19251,-426,0.5799,0.6827
102479,0,147721.07,394523.34,42723.37,-27020,-3781,0.4435,0.6876
102480,0,64334.41,132826.14,19477.5,-19354,-14279,0.7896,0.3863
102481,0,53718.08,164368.27,26828.38,-7315,-14668,0.1415,0.3786
102482,1,21181.81,55053.92,8823.6,-23211,-2165,0.3471,0.7557
102483,0,30467.72,76288.5,9849.48,-19919,-14614,0.8708,0.7174
102484,0,34537.68,99550.7,6191.8,-12864,-3610,0.7285,0.683
102485,1,37260.09,70000.74,6090.73,-21324,-11414,0.2465,0.3076
102486,1,32775.53,62236.75,8790.44,-6087,-11621,0.7147,0.1774
102487,1,108008.85,405311.24,39350.12,-13978,-13757,0.6231,0.6409
102488,0,75376.91,168204.51,11753.64,-23329,-11429,0.2838,0.4772
102489,1,43880.64,140730.57,8964.96,-20462,-3878,0.6219,0.7036
102490,1,36075.7,58372.34,8089.46,-21950,-3926,0.7286,0.1913
102491,0,104791.91,344807.41,50779.75,-10444,-7690,0.351,0.8202
102492,1,90381.98,329695.71,18655.72,-22887,-5223,0.6539,0.3847
102493,0,21277.82,45047.18,3206.78,-28755,-12332,0.3029,0.4209
102494,0,40764.91,102620.83,15602.05,-16825,-6660,0.6559,0.5021
102495,0,29782.83,81037.08,7678.56,-27221,-13437,0.3534,0.3192
102496,0,38997.85,109584.39,11968.67,-11558,-12137,0.4749,0.4881
102497,1,48862.64,123871.36,9084.66,-12423,-2763,0.3417,0.3217
102498,1,33332.19,51796.01,4659.07,-28700,-9728,0.6895,0.4945
102499,0,99942.6,203357.35,13358.39,-27417,-1320,0.5211,0.2732
102500,1,44348.26,171100.54,10708.82,-20201,-10433,0.6497,0.2912
102501,0,26186.22,54366.31,4415.66,-19271,-14891,0.6735,0.611
102502,0,18421.76,39215.14,2923.06,-12926,-9901,0.5491,0.8894
102503,0,85535.32,137446.66,16713.5,-5155,-14863,0.5317,0.3937
102504,1,32444.54,128183.05,18636.68,-13058,-12653,0.63,0.3103
102505,0,21838.84,59232.17,4818.67,-24149,-13977,0.6678,0.6411
102506,1,48996.75,187626.26,20289.95,-6965,-6241,0.5466,0.3966
102507,0,73410.17,162882.34,8437.27,-21112,-12362,0.6337,0.5871
102508,0,37858.73,83290.83,8024.7,-7090,-11771,0.7101,0.1243
102509,0,76781.8,127108.69,7050.2,-8174,-1200,0.686,0.5524
102510,0,36329.73,56263.6,4519.84,-15096,-8407,0.8119,0.8734
102511,1,42623.41,130795.21,12420.09,-15225,-13596,0.1718,0.4971
102512,0,75780.34,145642.7,13195.8,-21007,-14976,0.619,0.703
102513,0,28877.03,46392.98,7665.49,-27615,-5620,0.581,0.4707
102514,1,33915.98,78515.79,6856.83,-22761,-7305,0.3967,0.6459
102515,0,17003.29,39777.91,2056.99,-16747,-8302,0.3994,0.3751
102516,0,39999.74,111180.79,5678.66,-17875,-6923,0.6549,0.3665
102517,1,19643.4,32970.85,3855.44,-24246,-62,0.4789,0.5342
102518,0,53152.54,208291.22,19225.65,-29375,-12261,0.4979,0.5477
102519,0,60916.87,185354.57,18007.13,-23698,-13379,0.6514,0.7012
102520,0,49729.64,182765.78,10489.72,-8210,-13986,0.7786,0.6395
102521,0,48840.86,171015.11,20802.02,-8782,-8849,0.9634,0.3022
102522,1,118377.46,280131.75,14809.92,-9414,-9136,0.704,0.3902
102523,0,30736.91,95525.48,6522.72,-20992,-2098,0.9504,0.4096
102524,0,74010.74,203132.79,32208.63,-24843,-14864,0.8043,0.5795
102525,1,17596.29,69337.83,9547.14,-22231,-7071,0.6167,0.1666
102526,0,82223.38,285672.72,38488.75,-15340,-2591,0.6008,0.6485
102527,1,44365.38,69864.59,3802.92,-21807,-1362,0.9362,0.4577
102528,0,32383.32,57655.18,4580.89,-8240,-4806,0.3474,0.4755
102529,1,112243.91,287151.69,24763.23,-6953,-4245,0.5629,0.6003
102530,0,39371.65,143137.74,16371.76,-24925,-4444,0.5885,0.4374
102531,1,64759.7,238226.59,13184.03,-14106,-11484,0.082,0.3095
102532,1,64102.21,218838.49,20828.01,-6220,-6871,0.4796,0.3061
102533,0,33280.74,108283.75,8919.16,-5264,-9639,0.6193,0.3394
102534,1,49587.94,145526.35,20795.72,-27759,-11867,0,0.5065
102535,0,32713.66,74505.99,4242.89,-23084,-11389,0.6236,0.1655
102536,0,13831.12,28770.04,3885.67,-9764,-8452,0.4929,0.1973
102537,1,28391.62,80201.78,10308.48,-21224,-5270,0.6385,0.6256
102538,0,12343.38,45583.02,5762.35,-18205,-6919,0.6935,0.2984
102539,1,40615.72,150697.69,10265.23,-26385,-14617,0.8348,0.364
102540,0,53259.02,208693.64,18234.25,-21672,-4076,0.2129,0.8944
102541,0,47355.82,107183.32,6786.58,-17685,-2008,0.5583,0.3688
102542,1,19689.34,75785.49,5350.34,-5340,-8799,0.4234,0.3735
102543,0,82657.13,166673.24,19330.27,-16524,-12465,0.556,0.5561
102544,0,33256.12,56629.91,2917.32,-29320,-9061,0.5242,0.6176
102545,0,18859.91,55952.1,6049.38,-15182,-10583,0.3148,0.6091
102546,0,34528.17,90125.75,14952.41,-19267,-486,0.1886,0.9888
102547,0,69238.75,267389.22,22446.4,-8795,-4450,0.9741,0.8621
102548,0,69815.24,121755.38,15210.18,-17399,-14983,0.2851,0.6982
102549,0,58787.5,88947.13,6181.68,-14457,-11414,0.605,0.1942
102550,0,16308.26,39771.17,2215.77,-17036,-10601,0.3282,0.393
102551,0,123411.73,431478.83,39394.66,-8423,-14876,0.8515,0.0353
102552,1,89565.04,347348.81,26927.87,-12236,-14956,0.1965,0.1707
102553,0,33855.95,114499.71,11280.54,-29867,-4621,0.3723,0.4983
102554,1,68995.73,158168.49,17716.99,-6033,-5813,0.3062,0.543
102555,1,17896.76,31614.98,4595.5,-16877,-1674,0.5601,0.2386
102556,0,43958.15,139318.33,22193.21,-17100,-13894,0.4518,0.369
102557,0,103218.07,406407.21,55161.72,-11641,-2243,1,0.7604
102558,0,60760.17,232000.94,33047.84,-18288,-12342,0.5491,0.4539
102559,0,100844.9,266508.1,13362.62,-17902,-8115,0.8163,0.6908
102560,0,11098.04,25107.08,3163.38,-22993,-12998,0.7142,0.5502
102561,0,43199.06,97210.88,5746.31,-29385,-3019,0.6871,0.3875
102562,0,70261.5,220388.8,18141.83,-29968,-10765,0.6532,0.2942
102563,1,36876.41,118667.77,9408.79,-25106,-2029,0.6048,0.5465
102564,1,51407.41,192623.02,10580.2,-12024,-892,0.4073,0.3228
102565,1,43471.75,171754.53,16660.62,-29978,-3511,0.4814,0.4336
102566,0,56702.23,194707.63,13021.57,-6207,-14232,0.6438,0.5129
102567,1,43311.61,152979.99,22469.11,-8155,-12545,0.0548,0.4362
102568,1,43172.96,84515.29,5340.76,-16707,-2218,0.1789,0.2583
102569,0,37494.75,69239.74,9196.34,-20897,-9403,0.4659,0.233
102570,0,40751.16,89682.18,4777.93,-21813,-7396,0.1768,0.5127
102571,0,48741.02,78326.1,5649.08,-14269,-51,0.5727,0.5777
102572,0,25356.41,93837.34,6893.55,-22801,-745,0.644,0.5121
102573,1,35669.46,100664.02,10156.26,-19773,-6775,0.7269,0.5522
102574,1,57616.17,106055.72,6826.12,-11365,-8066,0.7727,0.2287
102575,0,34182.25,107577.82,14101.47,-22511,-5274,0.6634,0.3949
102576,1,49726.41,103180.92,8389.95,-9873,-12494,0.6592,0.6003
102577,0,181772.35,339658.06,25874.77,-23737,-4918,0.598,0.7321
102578,0,61415.29,230631.09,18348.88,-24285,-1463,0.5568,0.2653
102579,0,19696.71,43812.72,3397.99,-12364,-3030,0.3884,0.1181
102580,0,51088.12,190475.06,9595.86,-9039,-3973,0.9955,0.4729
102581,1,69405.19,144927.11,22795.52,-11501,-13746,0.3915,0.5225
102582,0,14903.08,42652.59,2775.5,-19110,-4435,0.8895,0.6299
102583,0,45931.9,97089.45,15184.2,-14343,-2459,0.7378,0.7411
102584,1,50893.48,151270.01,14156.08,-24188,-3346,0.9571,0.4389
102585,0,155266,355785.22,36830.53,-19047,-7993,0.6963,0.1814
102586,1,104415.79,325164.69,24617.96,-25414,-10420,0.466,0.1309
102587,1,20398.65,80215.4,5958.29,-15345,-12885,0.4881,0.1185
102588,0,45982.59,86893.15,8091.43,-28357,-4752,0.2779,0.4434
102589,0,40095.95,81424.53,5493.54,-29967,-10245,0.7575,0.5303
102590,0,29313.78,102120.97,11075.28,-22542,-7328,0.5592,0.3212
102591,0,63663.8,240715.01,18785.5,-25207,-7458,0.5384,0.7146
102592,0,50826.33,175925.64,14313.88,-14649,-1305,0.5653,0.5633
102593,1,19561.06,57575.42,3209.43,-8609,-1982,0.4233,0.4028
102594,0,14257.8,51387.12,3615.43,-8343,-3756,0.4653,0.5874
102595,1,43665.31,98008.1,8640.93,-5528,-613,0.7053,0.5404
102596,1,166892.16,574852.46,60546.62,-19298,-13720,0.8122,0.3802
102597,0,22727.82,68631.19,3687.04,-28865,-3422,0.5617,0.544
102598,0,64479.88,149994.15,18273.59,-17580,-11430,0.5991,0.7095
102599,0,29928.34,114878.14,7140.13,-12683,-11962,0.5965,0.6129
102600,1,24512.46,75301.29,12318.13,-18941,-52,0.5878,0.5721
102601,0,42731.28,157188.09,9385.77,-28720,-4603,0.5016,0.3486
102602,0,107177.3,211883.91,16850.79,-29519,-2702,0.6644,0.4841
102603,1,40976.4,104113.2,9821.36,-12698,-6279,0.6912,0.2394
102604,0,47574.27,99058.68,5605.31,-9010,-3426,0.591,0.5203
102605,0,12009.26,28972.12,1776.61,-11894,-7480,0.6604,0.3666
102606,1,34880.93,52823.86,5820.07,-9797,-13976,0.4362,0.284
102607,0,88949.81,244036.24,20641.81,-18257,-13324,0.5885,0.2682
102608,1,29433.66,110710.34,11057.04,-11765,-10328,0.6743,0.4618
102609,0,32312.14,71221.13,9053.27,-17918,-3665,0.5286,0.4046
102610,0,28445.62,56512.37,3161.49,-8976,-3932,0.5252,0.2765
102611,0,20176.82,47639.06,3114.26,-6778,-3907,0.457,0.4648
102612,0,40502.81,72655.74,5379.47,-26809,-11336,0.6647,0.7959
102613,0,27798.08,88447.72,4743.02,-19392,-12383,0.601,0.7994
102614,1,56697.51,173460.96,9987.62,-6008,-14796,1,0.3029
102615,0,23882.01,70297.57,6894.24,-21960,-6240,0.5231,0.3174
102616,1,25984.44,46875.25,3818.28,-18251,-3807,0.5723,0.4632
102617,1,35333.57,122184.12,7386.73,-22563,-11249,0.348,0.3823
102618,1,65794.36,204327.13,10947.58,-23359,-8765,0.7276,0.8078
102619,1,45124.82,154385.15,8487.94,-18736,-8949,0.4886,0.5489
102620,0,77771.37,244019.76,13767.99,-15403,-13808,0.5766,0.5637
102621,1,36933.56,92620.19,8159.49,-8526,-14616,0.7391,0.5641
102622,0,29329.12,50159.83,4593.74,-17134,-6432,0.8551,0.3916
102623,0,15851.33,27340.93,2413.97,-25841,-11386,0.5005,0.6167
102624,1,63808.23,222399.24,25638.39,-10253,-13679,0.4787,0.1759
102625,1,96038.15,313460.33,22395.34,-12504,-4379,0.5916,0.449
102626,0,40612.01,74871.21,6590.48,-18898,-7819,0.7919,0.7157
102627,1,59612.98,129307.9,8700.71,-7516,-6251,0.5733,0.0904
102628,0,30617.73,53497.95,3574.96,-13958,-10962,0.5884,0.2424
102629,1,46283.62,107799.78,10961.32,-9962,-12387,0.7073,0.2265
102630,0,84123.16,138154.33,6934.38,-27085,-12810,0.698,0.5963
102631,0,41602.94,96538.24,12896.1,-10020,-8745,0.7673,0.4456
102632,1,26546.47,43409.51,7225.58,-8587,-11432,0.1594,0.3991
102633,0,28706.73,94193.43,6258.92,-24233,-683,0.3135,0.597
102634,1,16492.24,50423.84,4906.46,-19033,-2522,0.3139,0.0869
102635,0,24375.88,87020.27,7602.69,-29729,-8339,0.6254,0.6353
102636,1,25908.71,56329.48,4100.45,-13918,-6093,0.2786,0.3525
102637,1,68861.83,274328.13,35758.53,-22208,-12472,0.5043,0.5251
102638,0,29336.43,91654.39,8145.4,-14740,-6407,0.6347,0.651
102639,1,64969.04,118260.71,7656.17,-17340,-2284,0.9382,0.3195
102640,0,72834.56,141622.19,10037.05,-12760,-9505,0.5018,0.7928
102641,1,68821.01,190874.03,14667.94,-21717,-11789,0.5458,0.4165
102642,0,44066.29,84832.59,8965.22,-8497,-5978,0.5971,0.6123
102643,1,144793.47,337139.96,21194.67,-9985,-2290,0.4309,0.1252
102644,1,57422.88,224488.09,13369.03,-21524,-1800,0,0.2756
102645,0,112466.53,390511.57,19850.96,-12710,-9197,0.8523,0.4321
102646,0,84272.11,163407.32,15081.68,-23978,-505,0.4813,0.6393
102647,0,89167.85,256027.05,24009.09,-20919,-10495,0.4066,0.4715
102648,1,24412.17,84832.15,4878.9,-17605,-12457,0.6076,0.1676
102649,0,26190.79,54322.19,4291.52,-11719,-525,0.4265,0.5631
102650,0,45016.1,72548.83,4403.38,-6506,-1417,0.734,0.4977
102651,0,36738.18,90781.61,4666.03,-12627,-6551,0.4592,0.6565
102652,0,49048.92,120745.58,9496.3,-18578,-5928,0.7212,0.4261
102653,0,19837.76,63803.14,5041.76,-8823,-7399,0.5033,0.8899
102654,0,54552.38,94080.76,6353.3,-20538,-4026,0.3543,0.2279
102655,1,35562.98,96109.49,6012.19,-24381,-1827,0.6974,0.5719
102656,0,29780.5,58533.54,6567.77,-22578,-6346,1,0.773
102657,0,24988.23,59225.68,3192.98,-25406,-6632,0.3515,0.3584
102658,1,32307.54,124661.89,11218.35,-7911,-5198,0.4619,0.579
102659,0,90723.39,356623.8,18912.6,-26210,-7629,0.3161,0.5209
102660,0,56074.19,145975.38,9344.44,-6489,-2402,0.8684,0.3718
102661,0,29731.35,113526.5,11425.81,-23627,-2291,0.5755,0.7826
102662,1,43311.95,157513.15,9559.52,-18920,-10342,0.0846,0.3951
102663,1,103113.05,362782.85,33492.25,-26754,-10499,0.1106,0.2892
102664,0,22255.9,80923.11,5358.25,-9486,-13542,0.7378,0.0681
102665,1,77504.5,246463.23,25567.67,-29711,-3365,0.6098,0.633
102666,1,52826.93,208576.52,31422.84,-9384,-14290,0.152,0.2016
102667,0,27092.56,78237.42,6025.01,-16105,-1820,0.3092,0.5656
102668,0,18811.23,44867.9,6264.78,-9127,-2557,0.6297,0.5357
102669,0,99453.83,247865.48,14884.31,-14857,-12804,0.559,0
102670,0,18372.31,67279.85,7395.67,-6184,-12045,0.1768,0.4757
102671,0,30493.05,106749.56,12498.62,-11593,-6378,0.7005,0.4665
102672,0,42498.66,105801.62,14280.89,-13388,-12216,0.4649,0.6054
102673,0,25022.34,63985.47,5921.84,-29578,-13905,0.7988,0.2684
102674,0,65641.54,105607.65,7107.32,-12116,-4489,0.6401,0.7027
102675,0,61559.16,101031.85,14394.2,-20922,-1317,0.7866,0.6586
102676,0,34160.63,87148.31,9945.85,-10362,-9228,0.1572,0.9205
102677,0,55405.54,166363.69,11651.29,-7640,-8053,0.6993,0.7427
102678,1,74882.07,215395.15,23247.08,-15160,-3452,0.7603,0.2822
102679,0,33430.43,81651.28,4257.74,-19841,-6110,0.6548,0.4646
102680,0,45110.96,169264.03,12344.07,-19480,-11001,0.3269,0.3408
102681,1,53713.39,106160.83,8486.22,-14386,-797,0.5404,0.157
102682,1,24343.39,53776.11,5378.89,-22463,-12231,0.1666,0.0788
102683,0,33664.41,60163.76,3023.58,-19358,-11505,0.4357,0.4469
102684,1,59127.85,226726.94,13613.49,-27559,-13166,0.4004,0.2138
102685,1,41471.72,151634.05,9152.32,-11416,-10084,0.619,0.5165
102686,0,18855.7,45821.98,5129.89,-23489,-9448,0.9828,0.6117
102687,0,48105.05,146430.84,11522.71,-16262,-9292,0.6173,0.6973
102688,1,70388.58,161718.41,9321.6,-17117,-5704,0.4664,0.3989
102689,0,46234.75,71623.64,4384.26,-25973,-5715,0.7347,0.6714
102690,0,85847.66,170025.21,9412.81,-22112,-8862,0.7034,0.6768
102691,1,40332.97,112742.4,8686.25,-7009,-13343,0.5997,0.5252
102692,0,30475.62,83731.16,9044.06,-10145,-8451,0.4186,0.3413
102693,0,40536.78,139233.32,14548.76,-7158,-5877,0.6666,0.6406
102694,0,84695.74,170290.8,9566.93,-11822,-11236,0.6881,0.0771
102695,0,29564.47,49546.88,3657.47,-15752,-3152,0.6084,0.7178
102696,0,64521.32,123897.26,10776.15,-24503,-10523,0.9346,0.6991
102697,0,80050.99,161929.49,20336.87,-7868,-9095,1,0.4271
102698,1,188497.72,527271.5,28689.18,-6750,-8203,0.3522,0.5007
102699,0,12569.21,24452.8,1477.63,-17188,-3754,0.6303,0.1004
102700,1,29477.15,65977.09,5704.91,-18838,-760,0.3035,0.3133
102701,1,47330.51,101556.49,5887.05,-29694,-63,0.4411,0.3587
102702,0,29636.55,48707.89,2958.56,-23585,-11609,0.4631,0.8233
102703,0,89665.23,204399.84,15344.78,-13460,-9127,0.5218,0.1501
102704,1,105874.89,407728.51,27479.07,-12181,-5327,0.9016,0.2554
102705,1,43229.07,156809.94,16015.58,-12659,-6179,0.384,0.5029
102706,0,33346.13,57436.38,3054.43,-24658,-12376,0.6529,0.5002
102707,0,79096.67,303035.82,29482.4,-5109,-11147,0.7074,0.4067
102708,0,16250.47,53918.57,4783.96,-24298,-4890,0.5984,0.4592
102709,0,35652.73,118052.56,6855.76,-21407,-10575,0.662,0.6054
102710,1,46384.1,109137.44,5592,-14505,-830,0.4199,0.3867
102711,1,144655.07,576374.65,61433.64,-6403,-8955,0.4583,0.6663
102712,0,19101.45,71082.7,6723.06,-28858,-4341,0.4139,0.6059
102713,0,42389.5,109651.73,7085.51,-16864,-5375,0.1115,0.7988
102714,0,23855.24,75776.73,9646.47,-20050,-2645,0.6752,0.397
102715,1,29354.74,99296.53,5538.19,-20379,-3312,0.4669,0.2414
102716,0,47007.46,102629.41,5858.9,-28667,-11840,0.5147,0.4959
102717,0,60361.05,182108.31,11123.39,-5657,-11226,0.6831,0.6343
102718,0,37688.98,143383.1,23607.75,-17245,-7837,0.56,0.7273
102719,0,74092.25,252025.07,22774.44,-29156,-14446,0.5277,0.84
102720,0,38752.19,90270.73,5193.22,-18489,-5049,0.4442,0.0598
102721,0,24650.57,82143.01,4966.72,-8702,-2800,0.8732,0.3715
102722,0,71402.53,239626.34,12209.73,-26708,-324,0.5779,0.713
102723,0,22197.78,69290.52,4807.16,-25215,-13370,0.5739,0.2548
102724,0,31678.49,121394.51,9449.44,-21299,-11115,0.746,0.3781
102725,1,27777.91,103738.81,12627.64,-10622,-14534,0.6259,0.2057
102726,0,33694.44,120495.28,8131.81,-24163,-1946,0.374,0.2868
102727,0,82607.19,245214.38,12855.37,-6926,-14120,0.4687,0.3061
102728,0,110871.19,403853.75,23568.92,-18490,-13878,0.3946,0.2834
102729,1,43645.09,127206.29,10746,-9416,-5075,0.2133,0.5618
102730,1,78817.44,147266.7,15646.1,-22925,-8246,0.5166,0.0265
102731,1,73769.6,152968.03,7924.61,-17375,-8210,0.6688,0.4482
102732,1,24290.62,83287.91,5179.91,-22600,-4416,0.4464,0.7407
102733,1,43288.52,79498.24,6121.41,-15082,-890,0.6382,0.1779
102734,1,75643.72,132046.55,7238.74,-11248,-12207,0.7011,0.5436
102735,0,41113.45,65429.81,4865.32,-19298,-5964,0.5274,0.2169
102736,0,36568.68,91571.09,5772.54,-29584,-8982,0.4551,0.3917
102737,0,17048.3,39586.97,2233.19,-25646,-4502,0.4096,0.4825
102738,0,31983.46,120076.14,10560.21,-26942,-2667,0.4941,0.6448
102739,0,79795.12,197461.16,10890.1,-8113,-12185,0.8628,0.4972
102740,0,73632.6,154884.82,9853.14,-6350,-6102,0.5682,0.3078
102741,1,46643.16,180886.43,18733.74,-6337,-3335,0.4576,0.6007
102742,0,40310.56,127993.63,8340.7,-28781,-11245,0.4599,0.1292
102743,0,30102.77,80842.75,7267.69,-12857,-3860,0.5646,0.5974
102744,1,45403.33,121475.8,11321.34,-19369,-3187,0.5763,0.2541
102745,1,31878.26,120081.72,13185.95,-6402,-8033,0.8191,0.2187
102746,0,29729.89,49537.75,6647.95,-19677,-14731,0.4653,0.4716
102747,1,27883.08,100775.68,6722.51,-14697,-2814,0.7454,0.0418
102748,1,115028.95,222603.63,21981.25,-19002,-10161,0.4238,0.3106
102749,0,31037.73,93461.97,14781.32,-20946,-656,0.594,0.2858
102750,1,43788.02,157160.31,10415.64,-14555,-8298,0.4809,0.2252
102751,0,63791,190411.66,21833.59,-10600,-10033,0.7512,0.4875
102752,0,18208.11,51357.4,2611.5,-22942,-11543,0.8295,0.4715
102753,1,40345.21,142213.68,7175.01,-10837,-642,0.8571,0.5568
102754,0,51822.6,153947.29,11691.79,-7773,-1398,0.6869,0.7945
102755,0,23100.78,47403.22,5400.64,-5377,-5554,0.4489,0.4184
102756,0,26669.15,82843.45,5490.48,-15290,-7185,0.5252,0.8477
102757,1,90706.02,239941.79,12316.28,-17442,-13085,0.6103,0.0857
102758,1,191748.76,459187.17,25023.95,-28251,-13329,0.1325,0.1079
102759,0,62642.35,217028.34,29244.47,-12903,-9775,0.8341,0.2502
102760,0,17870.5,47534.81,7855.75,-16758,-10994,0.3362,0.3968
102761,0,53854.7,116668.32,6848.84,-23595,-10794,0.4581,0.432
102762,1,44615.23,95237.94,7684.67,-26758,-7414,0.8163,0.7779
102763,0,28808.66,88331.32,8435.59,-19202,-2372,0.632,0.3591
102764,0,44933.1,126481.34,10918.27,-24342,-14386,0.6445,0.6581
102765,0,89859.4,328612.83,43125.89,-28387,-1531,0.4001,0.484
102766,0,26649.46,91552.16,9345.91,-5335,-5467,0.2297,0.6243
102767,1,39865.84,133219.01,9625.13,-5413,-11927,0.3917,0.6762
102768,0,36959.86,91041.51,5373.92,-24443,-6388,0.6504,0.0833
102769,0,44191.18,135800.75,15221.66,-24983,-1671,0.6934,0.5765
102770,0,10080.1,16953.39,937.61,-25953,-921,0.5587,0.359
102771,1,61267.02,198347.02,10015.69,-13172,-13619,0.4712,0.3571
102772,1,48587.54,183360.11,15392.79,-18245,-9020,0.626,0.2355
102773,0,41707.13,151888.09,10398.9,-8105,-9607,0.4255,0.3789
102774,0,39430.05,59467.06,3094.84,-11691,-6079,0.6523,0.1823
102775,1,36862.62,94260.03,13351.95,-11911,-7788,0.3297,0.2849
102776,1,38180.66,94184.4,7071.15,-11778,-12105,0.9223,0.4514
102777,1,73669.4,236962.24,14298.01,-15467,-9329,0.009,0.3995
102778,0,32480.25,99336.69,5001.57,-8775,-5928,0.8336,0.5992
102779,0,39316.92,59117.65,3011.79,-10578,-1572,0.4189,0
102780,0,29343.65,80141.46,11979.74,-28910,-13080,0.8005,0.6164
102781,0,41083.55,148622.75,7820.96,-21321,-10271,0.2579,0.542
102782,1,17947.56,27511.53,1482.06,-17121,-5214,0.4839,0.1893
102783,1,230983.65,751685.08,95565.44,-5874,-12717,0.5922,0.3519
102784,0,22882.09,83057.34,10564.01,-20235,-3578,0.3481,0.3833
102785,1,53464.27,205995.71,13784.44,-17688,-2567,0.443,0.4417
102786,1,114790.11,261829.94,15453.76,-7903,-12247,0.649,0.2323
102787,1,71934.63,229709.79,15642.46,-20540,-6454,0.6597,0.2081
102788,1,47586.29,72276.29,3683.84,-10163,-6311,0.3045,0.8069
102789,0,37341.13,93665.55,11587.09,-29594,-2961,0.3487,0.2625
102790,0,38027.97,151845.86,9638.72,-27745,-4913,0.5914,0.2808
102791,1,36909.09,56805.05,4443.75,-25162,-8073,0.8335,0.458
102792,0,17640.56,67862.73,5770.71,-6894,-1872,0.6994,0.652
102793,1,38652.21,59267.86,4729.85,-6385,-4964,0.2461,0.2573
102794,1,28092.29,76144.23,7119.76,-6449,-7818,0.406,0.5052
102795,0,15411.84,55010.1,6086.17,-7406,-12547,0.1824,0.6876
102796,1,37107.54,71604.14,4015.51,-22509,-6570,0.7069,0.4806
102797,1,25884.06,83097.97,6571.38,-15213,-1782,0.3758,0.409
102798,0,26113.66,53225.59,8619.36,-27739,-3828,0.5478,0.5181
102799,0,35682.11,131041.23,20632.85,-21133,-6896,0.6718,0.4717
102800,1,17535.97,35682.98,2519.72,-9554,-13623,0.5234,0.2472
102801,0,22066.45,87040.94,4725.13,-25147,-7745,0.3801,0.512
102802,1,28334.34,54908.71,3075.39,-23458,-3632,0.573,0.275
102803,0,28477.04,94987.66,5757.45,-24998,-523,0.2837,0.8363
102804,0,79572.58,315098.26,19974.97,-16131,-3417,1,0.2717
102805,0,24103.74,48345.46,4554.9,-15433,-5996,0.0508,0.7723
102806,0,26429.56,97065.92,14379.68,-9105,-11808,0.9907,0.5366
102807,0,47035.49,86421.24,8532.45,-29226,-2681,0.6643,0.5682
102808,0,47752.2,150320.05,8485.03,-17073,-4835,0.4333,0.4525
102809,0,78819.75,222552.72,15883.4,-9731,-3793,0.605,0.171
102810,0,44561.66,76068.69,4969.65,-8522,-9244,0.5403,0.4427
102811,0,41100.63,77963.05,4679.32,-17867,-11426,1,0.4048
102812,0,64400.18,145773.97,8235.61,-13079,-11636,0.9916,0.9246
102813,1,33693.71,86507.84,4338.56,-16077,-11830,0.7034,0.5276
102814,0,108334.32,247618.74,21635.16,-24748,-2158,0.4932,0.4272
102815,1,27757.84,93053.3,8456.78,-8936,-1510,0.5803,0.4658
102816,1,28712.77,108530.74,5546.12,-14036,-14525,0.3938,0.8653
102817,0,27071.8,92913.12,9759.68,-14875,-6921,0.3585,0.1279
102818,0,43641.5,76693.49,5579.13,-9749,-14888,0.4891,0.4337
102819,0,63169.49,229054.34,13166.76,-26285,-851,0.8562,0.4803
102820,0,43389.77,67574.87,6105.92,-23079,-810,0.4543,0.5073
102821,1,22814.66,75443.95,7922.16,-25412,-11993,0.6052,0.7261
102822,1,62843.62,118435.82,12930.05,-25709,-11693,0.8086,0.3061
102823,0,110009.02,296561.9,23018.46,-7447,-4326,0.6348,0.0422
102824,1,59606.27,233308.59,19539.88,-8235,-1495,0.6556,0.3445
102825,0,23000.83,87488.05,8736.52,-19995,-12573,0.4192,0.2915
102826,1,74102.88,166626.49,27375.9,-11370,-5089,0.5743,0.0678
102827,0,20038.98,60234.87,3159.11,-21835,-1547,0.3526,0.4891
102828,0,43833.67,125893.45,6425.26,-23081,-5730,0.3989,0.4766
102829,0,34878.34,79428.79,4398.15,-27470,-13492,0.3178,0.2607
102830,0,67654.71,194343.06,10011.32,-7858,-7497,0.4614,0.8793
102831,0,62522.02,219387.14,23277.73,-10830,-4067,0.617,0.7428
102832,0,28218.06,103997.02,8065.63,-10468,-14346,0.5299,0.3251
102833,0,13088.71,36953.75,1874.16,-21152,-3176,0.3549,0.7173
102834,0,65795.56,259007.28,14502.73,-18020,-13758,0.3554,0.2152
102835,0,33569.63,52324.11,2681.64,-17719,-4920,0.2818,0.4794
102836,0,34399.69,136940.64,7588.24,-9127,-3765,0.6328,0.9054
102837,1,34710.74,123707.02,15620.6,-6835,-2081,0.6048,0.636
102838,1,108797.86,216426.78,17838.65,-15482,-6353,0.2672,0.3724
102839,1,23269.85,68436.91,4156.83,-14896,-210,0.2136,0.0169
102840,0,28063.71,82233.02,5272.94,-7378,-5265,0.536,0.5951
102841,1,34091.95,134185.23,9598.21,-16916,-7572,0.4579,0.2839
102842,1,23536.81,89198.67,13901.31,-10946,-1466,0.3086,0.7861
102843,0,42743.8,76276.4,6275.28,-20712,-14478,0.7581,0.7128
102844,0,36682.6,107112.39,6744.27,-25344,-6271,0.5368,0.5203
102845,0,33706.13,116011.71,7926.24,-29577,-8065,0.546,0.732
102846,1,55962.5,221706.26,13775.52,-7508,-1896,0.6731,0.1428
102847,0,64766.4,190960.75,23646.15,-27677,-9068,0.6341,0.8847
102848,0,39388.59,132605.49,12865.7,-18250,-11986,0.4844,0.7735
102849,0,44467.9,72842.49,3776.97,-25205,-14336,0.3231,0.6959
102850,1,24412.35,54472.91,4546.07,-14681,-9428,0.7865,0.5434
102851,1,53167.41,165860.83,9347.32,-12815,-5998,0.2078,0.2883
102852,0,38779.43,101875.7,7686.47,-9256,-12403,0.8259,0.3537
102853,1,37591.69,96006.9,9568.29,-15639,-2838,0.4418,0.3693
102854,0,31567.33,119608.49,11769.84,-25616,-8785,0.9651,0.7219
102855,1,51601.13,109186.88,16492.11,-16913,-9493,0.509,0.0653
102856,0,80033.57,269396.49,21244.55,-16436,-5164,0.4397,0.3849
102857,1,59143.39,186537.53,28048.83,-21400,-7169,0.5582,0.5629
102858,0,38973.04,65498.93,7878.5,-13777,-8045,0.8134,0.1102
102859,0,56136.12,90304.4,14113.42,-8491,-5664,0.1881,0.3434
102860,0,37300.02,131348.66,7609.53,-12678,-5822,0.4884,0.7659
102861,0,45178.36,95769.46,10091.67,-21943,-8893,0.6089,0.484
102862,0,87722.98,341974.15,17643.29,-22020,-2027,0.5796,0.6741
102863,0,15144.43,34925.05,2216.02,-8724,-5803,0.5732,0.4348
102864,0,54895.11,219181.23,12546.3,-22538,-1542,0.4853,0.6343
102865,1,53899.84,135614.39,16251.68,-29725,-3241,0.3219,0.5621
102866,0,55444.43,207606.88,31104.24,-19812,-40,1,0.6645
102867,0,20779.09,75520.26,4045.2,-15424,-652,0.2597,0.4562
102868,1,108893.14,356778.55,19404.54,-23105,-525,0.7467,0.2483
102869,0,126902.99,343761.22,36282.83,-13186,-2501,0.3284,0.1783
102870,1,29972.68,79889.13,11278.24,-17184,-8301,0.1502,0.6024
102871,0,45798.2,107711.27,7465.28,-18053,-3593,0.5801,0.3654
102872,0,35532.14,92954.44,5991.04,-28991,-10384,0.9718,0.2865
102873,0,40403.96,104580.2,7513.16,-8605,-9135,0.6758,0.5877
102874,1,37432.22,100248.88,6060.85,-21220,-3334,0.2225,0.5283
102875,0,79725.28,203468.98,17374.16,-17289,-6065,0.4183,0.2194
102876,1,93420.96,263659.23,14314.75,-13470,-1156,0.3999,0.1142
102877,0,30434.9,71335.36,4758.31,-9898,-3390,0.321,0.1544
102878,0,87338.05,221318.82,11298.52,-23443,-12071,0.7555,0.749
102879,0,50227.33,92968.64,8341.44,-9541,-1384,1,0.5415
102880,0,35331.93,78138.3,5809.58,-24687,-9167,0.2593,0.3957
102881,0,45718.7,93027.8,7155.75,-16516,-7715,0.7145,0.5543
102882,1,60504.3,200280.44,19473.27,-17705,-6883,0.3367,0.4311
102883,0,45116.64,85326.72,10214.75,-20140,-13080,0.7689,0.1493
102884,0,182072.38,634989.41,65087.22,-17119,-2586,0.5941,0.6246
102885,0,51492.72,103528.64,5394.5,-16864,-3292,0.4934,0.6393
102886,0,20122.84,38689.49,2148.45,-25861,-3232,0.692,0.1817
102887,0,33332.76,111000.61,5782.01,-7798,-13229,0.9921,0.7317
102888,0,36410.39,77725.02,4460.8,-8314,-6512,0.8324,0.4214
102889,0,31107.49,87011.36,4743.6,-10528,-3902,0.5107,0.2982
102890,0,26944.55,53223.76,3128.33,-17032,-6310,0.7011,1
102891,0,45652.34,99683.22,5068.82,-12113,-14909,0.3312,0.4158
102892,0,79346.41,193671.36,17406.93,-29801,-10853,0.636,0.1118
102893,0,10237.94,27129.82,2131.66,-25095,-5136,0.7421,0.4691
102894,1,60243.81,203991.55,18959.06,-29936,-8246,0.6418,0.572
102895,1,73795.61,254178.03,14506.61,-14414,-12465,0.4307,0.6735
102896,0,64390.07,165084.19,9664.5,-24339,-14589,0.541,0.5262
102897,0,29007.5,113844.94,6176.06,-19852,-10237,0.4337,0.4274
102898,0,20073.78,68185.88,10241.32,-27853,-3110,0.6386,0.3346
102899,0,104088.3,301201.98,21279.9,-12414,-6587,0.488,0.5711
102900,0,78073.42,117953.86,5982.98,-6995,-13067,0.5054,0.3114
102901,1,13397.74,31568.1,3627.65,-26554,-2101,0.4235,0.6305
102902,0,18758.89,56120.24,5136.25,-19054,-4827,0.7634,0.3742
102903,1,24802.46,81794.74,6400.68,-8607,-9090,0.6175,0.0308
102904,0,20435.68,52752.69,3008.87,-13773,-2960,0.3593,0.6161
102905,1,132032.74,438280.53,67435.39,-26032,-12687,0.6002,0.3948
102906,1,96676.16,238971.92,37244.89,-7956,-12610,0.4404,0.4551
102907,0,54099.59,159808.19,10218.27,-20486,-6747,0.5706,0.7731
102908,0,51321.82,129912.74,8131.33,-27528,-7773,0.9232,0.4152
102909,1,38635.68,105605.17,11820.08,-14468,-6146,0.3418,0.4972
102910,0,29043.66,98971.18,7631.79,-16471,-9284,0.594,0.4799
102911,0,45007.82,73397.88,4297.42,-19792,-14548,0.2652,0.7571
102912,1,154664.21,587165.64,36561.29,-8313,-7529,0.6732,0.388
102913,1,21050.04,48826.94,3215.53,-22006,-3089,0.2617,0.2896
102914,1,88061.41,133761.92,15043.71,-18496,-4175,0.2096,0.302
102915,0,88788.33,321500.37,18998.97,-17797,-5758,0.6614,0.0305
102916,1,41373.63,123978.7,6833.83,-27255,-5029,0.3999,0.0762
102917,1,58798.06,140562.09,16015.25,-8432,-4164,0.1558,0.7104
102918,1,33368.58,64679.26,6420.12,-18068,-1349,0.2851,0.4393
102919,0,19323.12,56111.6,3494.41,-9429,-14500,0.7651,0.4652
102920,0,78050.39,184102.8,27146.66,-21053,-8626,0.5852,0.4961
102921,0,55841.11,199313.04,10420.3,-11966,-12565,0.5916,0.691
102922,0,65512.13,236330.46,35397.57,-25534,-12067,0.7286,0.3946
102923,0,109911.17,372528.36,27756.95,-7753,-9534,0.5897,0.4161
102924,0,38627.41,104174.19,7979.05,-18933,-10726,0,0.6368
102925,0,58347.95,207829.64,11788.46,-17982,-5513,0.5539,0.6751
102926,0,56038.16,131533.45,16225.29,-10804,-9711,0.2712,0.6457
102927,1,65547.2,198723.76,12572.01,-7892,-13307,0.3634,0.2183
102928,0,50734.43,105121.06,8357.33,-27155,-11994,0.2242,0.4898
102929,0,48148.12,119926.43,9083.71,-9636,-11658,0.6238,0.3605
102930,0,26497.01,72779.09,4120.61,-27211,-2692,1,0.3596
102931,1,24412.41,63314.35,3919.57,-7691,-9741,0.6473,0.5071
102932,0,84526.9,202476.44,18146.91,-28602,-10477,0.9364,0.759
102933,1,27692.77,50750.29,3585.7,-21276,-6758,0.5036,0.1063
102934,1,50292.94,194745.38,15369.98,-17660,-5050,0.4425,0.2823
102935,0,25176.51,47954.46,3397.16,-12151,-8820,0.7072,0.4448
102936,1,55433.28,219420.01,14475.87,-10542,-2652,0.2995,0.3734
102937,0,145632.31,457872.06,44090.35,-17176,-549,0.2852,0.6202
102938,1,19720.33,58314.25,3740.53,-16786,-11097,0,0.4102
102939,0,69564.52,257028.2,13164,-17154,-81,0.1049,0.3547
102940,0,25878.39,91710.14,6021.89,-25076,-14777,0.4617,0.7327
102941,1,94435.36,278876.52,16694.76,-16907,-10940,0.5749,0.6365
102942,1,40546.28,76740.1,4051.89,-21493,-788,0.48,0.2469
102943,1,18195.1,40559.67,6410.78,-10099,-13858,0.1693,0.0948
102944,0,26399.89,98871.02,11636.85,-16804,-8290,0.3192,0.4969
102945,0,39420.93,137302.85,9211.22,-27127,-4037,0.3922,0.9301
102946,0,45961.15,161617.74,19465.58,-19625,-8617,0.7299,0.3517
102947,1,41556.43,149891.98,8314.99,-9186,-14070,0.6132,0.1731
102948,1,18187.57,46579.71,5672.8,-8755,-5275,0.3846,0.2353
102949,1,30282.94,97245.66,10601.07,-13325,-11381,0.2271,0.1847
102950,0,36903.14,88794.52,11400.81,-9319,-8911,0.5167,0.3807
102951,1,77105.5,163832.88,11837.88,-9381,-13895,0.1947,0.6437
102952,0,14729.47,36988.37,1929.74,-21413,-12429,0.4166,0.5121
102953,0,27098.18,91340.76,13764.92,-7954,-13873,0.4884,0.6551
102954,0,20015.25,43349.65,5001.99,-28259,-9383,0.7945,0.6845
102955,0,104767.08,415221.9,21385.07,-12923,-5787,0.7292,0.4979
102956,0,26790.46,77657.25,7639.53,-15831,-9165,0.5908,0.5218
102957,0,174545.05,400112.68,26663.59,-17895,-10488,0.5068,0.2557
102958,1,78850.23,146758.69,12367.95,-7237,-13923,0.4524,0.5831
102959,0,125226.22,404336.59,40963.57,-5253,-8465,0.6704,0.4665
102960,0,17869.72,42661.13,2426.94,-9565,-12658,0.2712,0.2952
102961,0,39885.03,100861.93,6101.4,-13684,-2844,0.4792,0.3817
102962,0,165391.61,316891.46,17814.14,-5934,-475,0.7962,0.4917
102963,0,60932.12,148625.57,8102.15,-28170,-9263,0.3873,0.9342
102964,0,33409.93,51638.55,8016.33,-22640,-12498,0.2447,0.7062
102965,1,30834.07,54600.01,6305.56,-15393,-5091,0.5502,0.2668
102966,0,62377.66,132805.47,7444.09,-25088,-14563,0.609,0.5809
102967,0,18559.55,28997.26,1550.33,-7430,-12150,0.8913,0.2742
102968,1,73373.89,210763.25,19858.56,-22523,-7082,0.3685,0.5658
102969,1,18455.34,66974.63,5868.96,-20085,-10020,0.4447,0.2001
102970,1,31214.3,85219.78,4993.85,-7017,-3553,0.798,0.1643
102971,0,36875.21,75151.25,5029.64,-5658,-8092,0.4964,0.4863
102972,0,51485.49,131935.94,14611.01,-25988,-11495,0.6108,0.6336
102973,1,80076.76,167286.33,14368.15,-12246,-13780,0.6441,0.2646
102974,0,77140.38,172787.51,15415.2,-15208,-5538,0.8072,0.6395
102975,0,37330.15,73310.85,9204.98,-11482,-10320,0.7334,0.699
102976,0,18058.38,36035.75,2347.92,-26405,-5340,0.5418,0.5814
102977,1,118484.51,350167.24,48646.52,-5803,-14206,0.2922,0.6735
102978,0,18870.83,55844.02,5084.88,-6284,-1088,0.5341,0.4724
102979,0,80760.04,129483.43,6611.94,-19098,-150,0.698,0.7992
102980,0,33868.15,109542,9290.41,-13889,-3140,0.8054,0.6391
102981,0,38954.33,75509.09,8015.24,-21860,-11693,0.683,0.4918
102982,1,150507.96,405958.45,21105.33,-10193,-1015,0.2455,0.3326
102983,0,47638.13,79605.63,6015.29,-26136,-992,0.5752,0.486
102984,0,56867.59,201051.94,31505.76,-5350,-1661,0.3237,0.696
102985,0,109963.49,434767.65,67100.17,-28515,-10526,0.4545,0.5825
102986,1,31698.09,48351.74,6912.54,-21166,-13778,0.3303,0.3136
102987,0,40831.31,65186.95,5343.78,-12476,-2708,0.8915,0.286
102988,1,79586.5,280996.68,16799.65,-10183,-7159,0.5132,0.5573
102989,1,56789.69,109178.54,10270.89,-24570,-6845,0.9223,0.2535
102990,1,28117.55,44312.25,2725.37,-20811,-3749,0.2016,0.7245
102991,1,30626.64,86636.25,9773.45,-12233,-9011,0.3933,0.4409
102992,0,30042.53,107581.42,5384.72,-29547,-9888,0.7091,0.4886
102993,1,61047.46,124044.38,8715.33,-20532,-13769,0.4435,0.0136
102994,1,36770.19,141801.8,18707.58,-20423,-320,0.9472,0.7116
102995,0,81906.91,137482.87,11877.17,-9986,-7557,0.4196,0.3766
102996,0,64150.79,188119.56,16754.56,-18629,-10187,0.1186,0.6154
102997,1,25606.71,92852.5,5322.98,-16742,-13518,0.5316,0.0399
102998,0,54602.64,192179.76,11278.19,-8870,-4683,0.4705,0.5583
102999,0,39223.59,101880.44,6070.56,-27306,-11440,0.5223,0.5226
103000,0,39745.97,81907.87,7543.05,-14042,-14659,0.3848,0.1317
